0,2,1174,52,60,151 
0,1,8,50,60,150 
0,3,1173,33,36,90 
0,4,591,122,84,210 
0,5,1159,10,30,75 
1,2,1174,52,60,152 
1,4,504,121,84,210 
1,3,1171,33,36,90 
1,5,1158,7,30,75 
2,2,1174,52,60,152 
2,4,420,121,84,210 
2,3,1171,33,36,90 
2,5,1158,7,30,75 
3,2,1174,52,60,152 
3,4,376,121,84,210 
3,3,1171,33,36,90 
3,5,1158,7,30,75 
4,2,1174,52,60,152 
4,4,292,121,84,210 
4,3,1167,29,36,90 
4,5,1158,7,30,75 
5,2,1174,52,60,152 
5,4,216,121,84,210 
5,3,1167,29,36,90 
5,5,1158,7,30,75 
6,2,1174,52,60,152 
6,4,176,121,84,210 
6,3,1167,29,36,90 
6,5,1158,7,30,75 
7,2,1174,56,60,152 
7,4,96,121,84,210 
7,3,1163,29,36,90 
7,5,1158,7,30,75 
8,2,1174,56,60,152 
8,4,24,121,84,210 
8,3,1163,29,36,90 
8,5,1158,7,30,75 
9,2,1174,56,60,152 
9,3,1163,29,36,90 
9,5,1158,7,30,75 
10,2,1174,60,60,152 
10,3,1159,29,36,90 
10,5,1158,7,30,75 
11,2,1174,60,60,152 
11,3,1159,29,36,90 
11,5,1158,7,30,75 
12,2,1178,64,60,152 
12,3,1155,29,36,90 
12,5,1158,7,30,75 
13,2,1178,64,60,152 
13,3,1155,25,36,90 
13,5,1158,7,30,75 
14,2,1178,64,60,152 
14,3,1155,25,36,90 
14,5,1158,7,30,75 
15,2,1182,64,60,152 
15,3,1151,25,36,90 
15,5,1158,7,30,75 
16,2,1182,68,60,152 
16,3,1151,25,36,90 
16,5,1158,7,30,75 
17,2,1180,62,66,165 
17,3,1151,25,36,90 
17,5,1158,7,30,75 
18,2,1180,62,66,165 
18,3,1151,25,36,90 
18,5,1158,7,30,75 
19,2,1184,62,66,165 
19,3,1147,25,36,90 
19,5,1158,11,30,75 
20,2,1188,62,66,165 
20,3,1147,25,36,90 
20,5,1158,11,30,75 
21,2,1192,62,66,165 
21,3,1147,25,36,90 
21,5,1158,11,30,75 
22,2,1196,62,66,165 
22,3,1147,25,36,90 
22,5,1158,11,30,75 
23,2,1200,62,66,165 
23,3,1147,25,36,90 
23,5,1158,11,30,75 
24,2,1200,70,66,165 
24,3,1143,25,36,90 
24,5,1158,11,30,75 
25,2,1208,70,66,165 
25,3,1143,25,36,90 
25,5,1158,11,30,75 
26,2,1208,70,66,165 
26,3,1139,21,36,90 
26,5,1158,11,30,75 
27,2,1208,74,66,165 
27,3,1139,21,36,90 
27,5,1158,11,30,75 
28,2,1210,68,72,180 
28,3,1139,21,36,90 
28,5,1158,11,30,75 
29,2,1214,68,72,180 
29,3,1139,21,36,90 
29,5,1158,11,30,75 
30,2,1222,68,72,180 
30,3,1137,27,30,75 
30,5,1158,11,30,75 
31,2,1222,68,72,180 
31,3,1137,27,30,75 
31,5,1158,11,30,75 
32,2,1226,68,72,180 
32,3,1137,27,30,75 
32,5,1158,11,30,75 
33,2,1230,68,72,180 
33,3,1137,27,30,75 
33,5,1158,11,30,75 
34,2,1234,76,72,180 
34,3,1137,27,30,75 
34,5,1158,11,30,75 
35,2,1238,76,72,180 
35,5,1158,11,30,75 
36,2,1238,76,72,180 
36,5,1158,11,30,75 
37,2,1252,86,66,165 
37,5,1158,11,30,75 
38,2,1252,86,66,165 
38,5,1158,11,30,75 
39,2,1252,86,66,165 
39,5,1158,11,30,75 
40,2,1252,86,66,165 
40,5,1158,11,30,75 
41,2,1252,86,66,165 
41,5,1158,11,30,75 
42,5,1158,11,30,75 
43,5,1158,11,30,75 
44,5,1158,11,30,75 
45,5,1158,11,30,75 
46,5,1158,11,30,75 
47,5,1158,11,30,75 
48,5,1158,11,30,75 
49,5,1158,11,30,75 
50,5,1158,11,30,75 
51,5,1158,11,30,75 
52,5,1158,11,30,75 
53,5,1158,11,30,75 
54,5,1158,11,30,75 
55,5,1158,11,30,75 
56,5,1158,11,30,75 
57,5,1162,11,30,75 
58,5,1162,11,30,75 
59,5,1162,11,30,75 
60,5,1162,11,30,75 
61,5,1162,11,30,75 
62,5,1162,11,30,75 
63,5,1166,11,30,75 
64,5,1166,11,30,75 
65,5,1166,11,30,75 
66,5,1166,11,30,75 
66,6,474,4,24,60 
67,5,1166,11,30,75 
67,6,470,4,24,60 
68,5,1166,11,30,75 
68,6,470,4,24,60 
69,5,1166,11,30,75 
69,6,466,4,24,60 
70,5,1166,11,30,75 
70,6,466,4,24,60 
71,5,1166,11,30,75 
71,6,462,4,24,60 
72,5,1166,11,30,75 
72,6,462,4,24,60 
73,5,1166,11,30,75 
73,6,454,8,24,60 
74,5,1166,11,30,75 
74,6,454,8,24,60 
75,5,1166,11,30,75 
75,6,450,8,24,60 
76,5,1162,11,30,75 
76,6,454,8,24,60 
77,5,1162,11,30,75 
77,6,446,8,24,60 
78,5,1162,11,30,75 
78,6,444,6,30,75 
79,5,1158,7,30,75 
79,6,440,6,30,75 
80,5,1154,7,30,75 
80,6,436,2,30,75 
81,5,1154,7,30,75 
81,6,436,2,30,75 
82,5,1154,7,30,75 
82,6,432,6,30,75 
83,5,1154,7,30,75 
83,6,432,6,30,75 
84,5,1154,7,30,75 
84,6,428,6,30,75 
85,5,1154,7,30,75 
85,6,424,6,30,75 
86,5,1154,7,30,75 
86,6,424,6,30,75 
87,5,1154,7,30,75 
87,6,420,6,30,75 
88,5,1154,7,30,75 
88,6,420,6,30,75 
89,5,1154,7,30,75 
89,6,420,6,30,75 
90,5,1154,7,30,75 
90,6,416,6,30,75 
91,5,1154,7,30,75 
91,6,416,10,30,75 
92,5,1154,7,30,75 
92,6,412,10,30,75 
93,5,1154,7,30,75 
93,6,412,6,30,75 
94,5,1154,7,30,75 
94,6,408,6,30,75 
95,5,1154,7,30,75 
95,6,408,10,30,75 
96,5,1154,7,30,75 
96,6,404,10,30,75 
97,5,1154,7,30,75 
97,6,404,10,30,75 
98,5,1154,7,30,75 
98,6,400,10,30,75 
99,5,1154,7,30,75 
99,6,400,10,30,75 
100,5,1154,7,30,75 
100,6,400,10,30,75 
101,5,1154,7,30,75 
101,6,396,10,30,75 
102,5,1154,7,30,75 
102,6,396,10,30,75 
103,5,1154,7,30,75 
103,6,392,14,30,75 
104,5,1154,7,30,75 
104,6,392,14,30,75 
105,5,1154,7,30,75 
105,6,388,10,30,75 
106,5,1154,7,30,75 
106,6,384,10,30,75 
107,5,1154,7,30,75 
107,6,384,10,30,75 
108,5,1154,7,30,75 
108,6,380,14,30,75 
109,5,1154,7,30,75 
109,6,380,14,30,75 
110,5,1154,7,30,75 
110,6,376,14,30,75 
111,5,1154,7,30,75 
111,6,374,12,36,90 
112,5,1155,8,32,81 
112,6,371,14,32,80 
113,5,1155,7,32,81 
113,6,367,13,33,83 
114,5,1155,7,32,81 
114,6,365,13,33,83 
115,5,1155,7,32,81 
115,6,362,15,33,83 
116,5,1152,8,32,81 
116,6,359,17,33,83 
117,5,1151,8,32,81 
117,6,355,19,33,83 
118,5,1151,8,32,81 
118,6,352,19,33,83 
119,5,1150,8,32,81 
119,6,348,14,39,98 
120,5,1149,8,32,81 
120,6,342,14,39,98 
121,5,1148,7,33,82 
121,6,339,13,39,98 
122,5,1148,8,33,82 
122,6,334,13,39,98 
123,5,1147,8,33,82 
123,6,334,13,39,99 
124,5,1147,9,33,82 
124,6,329,15,39,99 
125,5,1153,7,33,82 
125,6,324,16,39,99 
126,5,1152,6,33,84 
126,6,318,14,40,100 
127,5,1155,6,33,84 
127,6,315,15,40,100 
128,5,1154,6,33,84 
128,6,310,16,40,100 
129,5,1157,5,33,84 
129,6,309,16,40,100 
130,5,1160,5,33,84 
130,6,303,16,40,101 
131,5,1163,5,33,84 
131,6,300,18,40,101 
132,5,1163,5,33,84 
132,6,300,18,40,101 
133,5,1163,5,33,84 
133,6,292,22,40,101 
134,5,1163,5,33,84 
134,6,292,22,40,101 
135,5,1163,5,33,84 
135,6,288,22,40,101 
136,5,1163,5,33,84 
136,6,280,22,40,101 
137,5,1163,5,33,84 
137,6,280,22,40,101 
138,5,1163,5,33,84 
138,6,276,22,40,101 
139,5,1163,5,33,84 
139,6,272,22,40,101 
140,5,1163,5,33,84 
140,6,272,22,40,101 
141,5,1163,5,33,84 
141,6,268,26,40,101 
142,6,265,25,42,105 
142,7,1132,16,38,96 
142,5,1165,9,30,75 
143,6,261,25,42,105 
143,7,1132,16,38,96 
143,5,1165,9,30,75 
144,6,261,25,42,105 
144,7,1132,16,38,96 
144,5,1165,9,30,75 
145,6,253,25,42,105 
145,7,1132,16,38,96 
145,5,1165,9,30,75 
146,6,253,25,42,105 
146,7,1132,16,38,96 
146,5,1165,9,30,75 
147,6,245,25,42,105 
147,7,1136,12,38,96 
147,5,1165,9,30,75 
148,6,237,25,42,105 
148,7,1136,12,38,96 
148,5,1165,9,30,75 
149,6,237,25,42,105 
149,7,1136,12,38,96 
149,5,1165,9,30,75 
150,6,233,29,42,105 
150,7,1136,12,38,96 
150,5,1165,9,30,75 
151,6,229,33,42,105 
151,7,1136,12,38,96 
151,5,1165,9,30,75 
152,6,225,37,42,105 
152,7,1140,12,38,96 
152,5,1165,9,30,75 
153,6,225,37,42,105 
153,7,1140,12,38,96 
153,5,1165,9,30,75 
154,6,225,37,42,105 
154,7,1140,12,38,96 
154,5,1165,9,30,75 
155,6,209,37,42,105 
155,7,1140,12,38,96 
155,5,1165,9,30,75 
156,6,209,37,42,105 
156,7,1144,20,38,96 
156,5,1165,9,30,75 
157,6,201,37,42,105 
157,7,1144,20,38,96 
157,5,1165,9,30,75 
158,6,201,37,42,105 
158,7,1144,20,38,96 
158,5,1165,9,30,75 
159,7,1146,18,40,100 
159,6,189,32,45,113 
159,8,1230,97,79,199 
159,5,1169,7,30,75 
160,7,1146,18,40,100 
160,6,181,40,45,113 
160,8,1230,97,79,199 
160,5,1169,7,30,75 
161,7,1146,18,40,100 
161,6,181,40,45,113 
161,8,1210,97,79,199 
161,5,1169,7,30,75 
162,7,1146,18,40,100 
162,6,177,40,45,113 
162,8,1190,97,79,199 
162,5,1169,7,30,75 
163,7,1146,18,40,100 
163,6,173,40,45,113 
163,8,1186,97,79,199 
163,5,1169,7,30,75 
164,7,1146,18,40,100 
164,6,173,40,45,113 
164,8,1166,97,79,199 
164,5,1169,7,30,75 
165,7,1150,18,40,100 
165,6,165,40,45,113 
165,8,1154,97,79,199 
165,5,1169,7,30,75 
166,7,1148,25,40,101 
166,6,164,37,47,118 
166,8,1134,96,78,196 
166,5,1167,8,30,75 
167,7,1150,24,40,101 
167,6,161,39,47,118 
167,8,1123,102,78,196 
167,5,1163,12,30,75 
168,7,1150,26,40,101 
168,6,159,37,47,119 
168,8,1112,102,78,195 
168,5,1163,12,30,75 
169,7,1152,24,40,101 
169,6,151,38,48,120 
169,8,1093,104,78,195 
169,5,1163,12,30,75 
170,7,1152,24,40,101 
170,6,146,39,48,120 
170,8,1073,101,78,195 
170,5,1163,12,30,75 
171,7,1150,26,41,102 
171,6,143,40,48,120 
171,8,1060,102,78,195 
171,5,1163,12,30,75 
172,7,1151,30,41,102 
172,6,140,40,48,120 
172,8,1041,103,78,195 
172,5,1163,12,30,75 
173,7,1152,30,41,102 
173,6,136,42,48,120 
173,8,1029,100,78,196 
173,5,1163,12,30,75 
174,7,1154,30,41,102 
174,6,131,43,48,120 
174,8,1015,94,78,196 
174,5,1163,12,30,75 
175,7,1154,24,41,105 
175,6,128,45,48,120 
175,8,1007,91,78,196 
175,5,1163,12,30,75 
176,7,1155,26,41,105 
176,6,122,45,48,120 
176,8,990,92,78,196 
176,5,1163,12,30,75 
177,7,1155,28,41,105 
177,6,122,48,48,122 
177,8,979,95,77,195 
177,5,1163,12,30,75 
178,7,1158,30,41,105 
178,6,112,45,49,123 
178,8,963,96,77,194 
178,5,1163,12,30,75 
179,7,1159,31,41,105 
179,6,106,45,49,124 
179,8,948,94,77,193 
179,5,1163,12,30,75 
180,7,1158,32,41,105 
180,6,100,45,49,124 
180,8,931,88,76,192 
180,5,1163,12,30,75 
181,7,1163,30,41,105 
181,6,94,49,49,124 
181,8,912,91,76,191 
181,5,1163,12,30,75 
182,7,1164,29,41,105 
182,6,90,51,49,124 
182,8,899,95,76,190 
182,5,1163,12,30,75 
183,7,1165,33,41,105 
183,6,90,51,49,124 
183,8,887,92,76,190 
183,5,1163,12,30,75 
184,7,1166,33,41,105 
184,6,85,50,49,124 
184,8,878,89,75,190 
184,9,1143,12,36,90 
184,5,1155,11,30,75 
185,7,1170,33,41,105 
185,6,77,58,49,124 
185,8,866,89,75,190 
185,9,1143,16,36,90 
185,5,1155,11,30,75 
186,7,1170,33,41,105 
186,6,69,58,49,124 
186,8,846,89,75,190 
186,9,1143,16,36,90 
186,5,1155,11,30,75 
187,7,1174,33,41,105 
187,6,61,58,49,124 
187,8,810,89,75,190 
187,9,1143,16,36,90 
187,5,1155,11,30,75 
188,7,1174,33,41,105 
188,6,53,66,49,124 
188,8,798,89,75,190 
188,9,1147,20,36,90 
188,5,1155,11,30,75 
189,7,1178,33,41,105 
189,6,53,66,49,124 
189,8,790,89,75,190 
189,9,1147,20,36,90 
189,5,1155,11,30,75 
190,7,1182,37,41,105 
190,6,45,66,49,124 
190,8,774,89,75,190 
190,9,1147,20,36,90 
190,5,1155,11,30,75 
191,7,1182,37,41,105 
191,6,45,66,49,124 
191,8,766,89,75,190 
191,9,1147,20,36,90 
191,5,1155,11,30,75 
192,7,1182,37,41,105 
192,6,33,66,49,124 
192,8,750,89,75,190 
192,9,1147,20,36,90 
192,5,1155,11,30,75 
193,7,1186,37,41,105 
193,6,25,66,49,124 
193,8,734,81,75,190 
193,9,1147,20,36,90 
193,5,1155,7,30,75 
194,7,1186,37,41,105 
194,6,17,66,49,124 
194,8,718,81,75,190 
194,9,1147,24,36,90 
194,5,1155,7,30,75 
195,7,1190,41,41,105 
195,6,17,66,49,124 
195,8,710,81,75,190 
195,9,1147,24,36,90 
195,5,1155,7,30,75 
196,7,1193,39,43,109 
196,6,2,67,52,131 
196,8,689,86,74,186 
196,9,1144,17,40,100 
196,5,1155,7,30,75 
197,7,1192,43,43,109 
197,6,3,67,52,131 
197,8,676,83,74,186 
197,9,1145,19,40,100 
197,5,1155,7,30,75 
198,7,1193,46,43,109 
198,8,663,80,74,185 
198,9,1147,21,40,100 
198,5,1155,7,30,75 
199,7,1196,44,43,109 
199,8,647,79,74,185 
199,9,1151,26,34,85 
199,5,1155,7,30,75 
200,7,1196,42,43,109 
200,8,637,77,73,184 
200,9,1151,21,40,100 
200,5,1155,7,30,75 
201,7,1198,43,43,109 
201,8,625,77,73,184 
201,9,1153,20,40,100 
201,5,1155,7,30,75 
202,7,1199,44,43,109 
202,8,613,80,73,184 
202,9,1153,20,40,100 
202,5,1155,7,30,75 
203,7,1200,44,43,109 
203,8,603,82,73,184 
203,9,1154,20,40,100 
203,5,1155,7,30,75 
204,7,1200,45,43,109 
204,8,590,86,73,184 
204,9,1154,20,40,100 
204,5,1155,7,30,75 
205,7,1201,46,43,109 
205,8,577,83,73,184 
205,9,1155,20,40,100 
205,5,1155,7,30,75 
206,7,1201,47,43,109 
206,8,566,82,73,183 
206,9,1160,22,40,100 
206,5,1155,7,30,75 
207,7,1203,47,43,109 
207,8,553,78,72,182 
207,9,1161,23,40,100 
207,5,1155,7,30,75 
208,7,1203,45,43,109 
208,8,543,80,72,180 
208,9,1162,23,40,100 
208,5,1155,7,30,75 
209,7,1203,47,43,109 
209,8,531,84,72,180 
209,9,1163,24,40,100 
209,5,1155,7,30,75 
210,7,1203,51,43,109 
210,8,523,85,71,180 
210,9,1162,25,40,100 
210,5,1155,7,30,75 
211,7,1202,52,43,109 
211,8,512,80,71,180 
211,9,1163,24,40,100 
211,5,1155,7,30,75 
212,7,1201,51,43,109 
212,8,500,82,71,180 
212,9,1164,26,40,100 
212,5,1155,7,30,75 
212,10,1144,19,36,90 
213,7,1201,51,43,109 
213,8,500,82,71,180 
213,9,1164,26,40,100 
213,5,1155,7,30,75 
213,10,1144,19,36,90 
214,7,1201,51,43,109 
214,8,472,82,71,180 
214,9,1164,26,40,100 
214,5,1155,7,30,75 
214,10,1144,19,36,90 
215,7,1201,55,43,109 
215,8,464,82,71,180 
215,9,1164,26,40,100 
215,5,1155,7,30,75 
215,10,1144,19,36,90 
216,7,1201,55,43,109 
216,8,448,82,71,180 
216,9,1168,30,40,100 
216,5,1155,7,30,75 
216,10,1144,19,36,90 
217,7,1201,55,43,109 
217,8,436,78,71,180 
217,9,1168,30,40,100 
217,5,1155,7,30,75 
217,10,1144,19,36,90 
218,7,1201,55,43,109 
218,8,436,78,71,180 
218,9,1168,30,40,100 
218,5,1155,7,30,75 
218,10,1148,19,36,90 
219,7,1191,53,49,123 
219,8,412,78,71,180 
219,9,1168,30,40,100 
219,5,1155,7,30,75 
219,10,1146,13,42,105 
220,7,1191,53,49,123 
220,8,412,78,71,180 
220,9,1168,30,40,100 
220,5,1155,7,30,75 
220,10,1146,13,42,105 
221,7,1191,53,49,123 
221,8,400,78,71,180 
221,9,1172,30,40,100 
221,5,1155,7,30,75 
221,10,1146,13,42,105 
222,7,1191,53,49,123 
222,8,384,78,71,180 
222,9,1172,30,40,100 
222,5,1155,7,30,75 
222,10,1146,13,42,105 
223,7,1191,57,49,123 
223,8,372,78,71,180 
223,9,1172,34,40,100 
223,5,1155,7,30,75 
223,10,1146,13,42,105 
224,7,1191,57,49,123 
224,8,360,78,71,180 
224,9,1172,34,40,100 
224,5,1155,7,30,75 
224,10,1146,13,42,105 
225,7,1191,57,49,123 
225,8,348,78,71,180 
225,9,1172,34,40,100 
225,5,1155,7,30,75 
225,10,1146,13,42,105 
226,7,1195,57,49,123 
226,8,336,78,71,180 
226,9,1172,34,40,100 
226,5,1155,7,30,75 
226,10,1146,17,42,105 
227,7,1195,57,49,123 
227,8,328,78,71,180 
227,9,1172,34,40,100 
227,5,1155,7,30,75 
227,10,1146,17,42,105 
228,7,1195,61,49,123 
228,8,312,78,71,180 
228,9,1172,34,40,100 
228,5,1155,7,30,75 
228,10,1146,17,42,105 
229,7,1195,61,49,123 
229,8,300,78,71,180 
229,9,1174,32,46,115 
229,5,1155,7,30,75 
229,10,1150,21,42,105 
230,7,1193,55,55,138 
230,8,292,78,71,180 
230,9,1174,32,46,115 
230,5,1155,7,30,75 
230,10,1150,21,42,105 
231,7,1201,55,55,138 
231,8,280,78,71,180 
231,9,1174,32,46,115 
231,5,1155,7,30,75 
231,10,1150,21,42,105 
232,7,1201,55,55,138 
232,8,264,78,71,180 
232,9,1174,32,46,115 
232,5,1155,7,30,75 
232,10,1150,21,42,105 
233,7,1201,55,55,138 
233,8,252,74,71,180 
233,9,1174,32,46,115 
233,5,1155,7,30,75 
233,10,1150,21,42,105 
234,7,1201,55,55,138 
234,8,252,74,71,180 
234,9,1174,32,46,115 
234,5,1155,7,30,75 
234,10,1150,21,42,105 
235,7,1209,63,55,138 
235,8,236,74,71,180 
235,9,1170,32,46,115 
235,5,1151,7,30,75 
235,10,1156,31,36,90 
236,7,1209,63,55,138 
236,8,224,74,71,180 
236,9,1170,32,46,115 
236,5,1151,7,30,75 
236,10,1156,31,36,90 
237,7,1209,63,55,138 
237,8,216,74,71,180 
237,9,1170,32,46,115 
237,5,1151,7,30,75 
237,10,1156,31,36,90 
238,7,1209,63,55,138 
238,8,212,74,71,180 
238,9,1170,36,46,115 
238,5,1151,7,30,75 
238,10,1156,31,36,90 
239,7,1213,67,55,138 
239,8,192,74,71,180 
239,9,1170,36,46,115 
239,5,1151,7,30,75 
239,10,1156,31,36,90 
240,7,1213,67,55,138 
240,8,188,74,71,180 
240,9,1170,36,46,115 
240,5,1151,7,30,75 
240,10,1156,31,36,90 
241,7,1213,67,55,138 
241,8,172,74,71,180 
241,9,1170,36,46,115 
241,5,1151,7,30,75 
241,10,1156,31,36,90 
242,7,1213,67,55,138 
242,8,160,74,71,180 
242,9,1166,40,46,115 
242,5,1151,7,30,75 
242,10,1156,31,36,90 
243,7,1217,71,55,138 
243,8,152,74,71,180 
243,9,1166,40,46,115 
243,5,1151,7,30,75 
243,10,1156,31,36,90 
244,7,1217,71,55,138 
244,8,136,74,71,180 
244,9,1166,40,46,115 
244,5,1151,7,30,75 
244,10,1154,25,42,105 
245,7,1217,71,55,138 
245,8,124,74,71,180 
245,9,1166,40,46,115 
245,5,1151,7,30,75 
245,10,1154,25,42,105 
246,7,1221,75,55,138 
246,8,116,78,71,180 
246,9,1166,48,46,115 
246,5,1151,7,30,75 
246,10,1154,25,42,105 
247,7,1225,79,55,138 
247,8,104,78,71,180 
247,9,1166,48,46,115 
247,5,1151,7,30,75 
247,10,1154,25,42,105 
248,7,1225,79,55,138 
248,8,96,78,71,180 
248,9,1166,48,46,115 
248,5,1151,7,30,75 
248,10,1154,29,42,105 
249,7,1225,79,55,138 
249,8,88,78,71,180 
249,9,1166,48,46,115 
249,5,1151,7,30,75 
249,10,1154,33,42,105 
250,7,1233,79,55,138 
250,8,80,78,71,180 
250,9,1170,48,46,115 
250,5,1155,7,30,75 
250,10,1154,33,42,105 
251,7,1233,79,55,138 
251,8,72,78,71,180 
251,9,1170,48,46,115 
251,5,1155,7,30,75 
251,10,1154,33,42,105 
252,7,1233,83,55,138 
252,8,64,78,71,180 
252,9,1170,48,46,115 
252,5,1159,7,30,75 
252,10,1154,33,42,105 
253,7,1233,83,55,138 
253,8,56,78,71,180 
253,9,1170,48,46,115 
253,5,1159,7,30,75 
253,10,1158,33,42,105 
254,7,1237,83,55,138 
254,8,44,78,71,180 
254,9,1170,48,46,115 
254,5,1159,7,30,75 
254,10,1158,33,42,105 
255,7,1237,83,55,138 
255,8,40,78,71,180 
255,9,1174,48,46,115 
255,5,1159,7,30,75 
255,10,1158,33,42,105 
256,7,1243,85,61,153 
256,8,24,78,71,180 
256,9,1178,52,46,115 
256,5,1159,7,30,75 
256,10,1158,37,42,105 
257,7,1243,85,61,153 
257,8,16,78,71,180 
257,9,1176,46,52,130 
257,5,1159,7,30,75 
257,10,1158,37,42,105 
258,7,1251,85,61,153 
258,8,12,78,71,180 
258,9,1176,46,52,130 
258,5,1159,7,30,75 
258,10,1152,31,48,120 
259,7,1255,85,61,153 
259,8,4,78,71,180 
259,9,1176,46,52,130 
259,5,1159,7,30,75 
259,10,1152,31,48,120 
260,7,1255,85,61,153 
260,8,4,78,71,180 
260,9,1176,46,52,130 
260,5,1159,7,30,75 
260,10,1152,31,48,120 
261,7,1261,91,55,138 
261,9,1184,46,52,130 
261,5,1159,7,30,75 
261,10,1152,35,48,120 
262,7,1261,91,55,138 
262,9,1184,46,52,130 
262,5,1159,7,30,75 
262,10,1152,35,48,120 
263,9,1184,46,52,130 
263,5,1159,7,30,75 
263,10,1152,35,48,120 
264,9,1184,46,52,130 
264,5,1159,7,30,75 
264,10,1152,39,48,120 
265,9,1188,50,52,130 
265,5,1159,7,30,75 
265,10,1152,39,48,120 
266,9,1188,50,52,130 
266,5,1159,7,30,75 
266,10,1152,39,48,120 
267,9,1192,54,52,130 
267,5,1159,7,30,75 
267,10,1156,39,48,120 
268,9,1192,54,52,130 
268,5,1159,7,30,75 
268,10,1156,39,48,120 
269,9,1192,54,52,130 
269,5,1159,7,30,75 
269,10,1156,39,48,120 
270,9,1192,54,52,130 
270,5,1159,7,30,75 
270,10,1156,43,48,120 
271,9,1192,54,52,130 
271,5,1159,7,30,75 
271,10,1156,43,48,120 
271,11,1260,107,60,150 
272,9,1192,54,52,130 
272,5,1159,7,30,75 
272,10,1156,43,48,120 
272,11,1260,107,60,150 
273,9,1192,58,52,130 
273,5,1159,7,30,75 
273,10,1160,43,48,120 
273,11,1260,107,60,150 
274,9,1192,58,52,130 
274,5,1159,7,30,75 
274,10,1160,43,48,120 
274,11,1256,107,60,150 
275,9,1192,62,52,130 
275,5,1159,7,30,75 
275,10,1160,43,48,120 
275,11,1256,107,60,150 
276,9,1192,66,52,130 
276,5,1155,7,30,75 
276,10,1160,51,48,120 
276,11,1246,97,66,165 
277,9,1192,66,52,130 
277,5,1155,7,30,75 
277,10,1160,51,48,120 
277,11,1246,97,66,165 
278,9,1192,66,52,130 
278,5,1155,7,30,75 
278,10,1160,51,48,120 
278,11,1238,97,66,165 
279,9,1192,66,52,130 
279,5,1155,7,30,75 
279,10,1160,51,48,120 
279,11,1238,97,66,165 
280,9,1190,68,58,145 
280,5,1151,7,30,75 
280,10,1154,45,54,135 
280,11,1230,97,66,165 
281,9,1190,68,58,145 
281,5,1151,7,30,75 
281,10,1154,45,54,135 
281,11,1226,97,66,165 
282,9,1190,64,58,145 
282,5,1151,7,30,75 
282,10,1154,45,54,135 
282,11,1218,97,66,165 
283,9,1190,64,58,145 
283,5,1151,7,30,75 
283,10,1154,45,54,135 
283,11,1214,97,66,165 
284,9,1190,64,58,145 
284,5,1151,7,30,75 
284,10,1154,45,54,135 
284,11,1210,97,66,165 
285,9,1190,64,58,145 
285,5,1151,7,30,75 
285,10,1154,49,54,135 
285,11,1206,97,66,165 
286,9,1190,68,58,145 
286,5,1151,7,30,75 
286,10,1150,53,54,135 
286,11,1202,97,66,165 
287,9,1190,68,58,145 
287,5,1151,7,30,75 
287,10,1150,53,54,135 
287,11,1198,93,66,165 
288,9,1190,68,58,145 
288,5,1151,7,30,75 
288,10,1150,53,54,135 
288,11,1198,93,66,165 
288,12,364,5,36,90 
289,9,1190,72,58,145 
289,5,1151,7,30,75 
289,10,1150,53,54,135 
289,11,1190,93,66,165 
289,12,364,5,36,90 
289,13,1260,91,60,150 
290,9,1194,76,58,145 
290,5,1151,7,30,75 
290,10,1146,57,54,135 
290,11,1182,93,66,165 
290,12,356,5,36,90 
290,13,1260,91,60,150 
291,9,1194,76,58,145 
291,5,1151,7,30,75 
291,10,1146,57,54,135 
291,11,1182,93,66,165 
291,12,352,5,36,90 
291,13,1246,85,66,165 
292,9,1194,76,58,145 
292,5,1151,7,30,75 
292,10,1146,57,54,135 
292,11,1170,93,66,165 
292,12,344,9,36,90 
292,13,1238,85,66,165 
293,9,1194,76,58,145 
293,5,1151,7,30,75 
293,10,1150,61,54,135 
293,11,1170,93,66,165 
293,12,334,3,42,105 
293,13,1238,77,66,165 
294,9,1198,76,58,145 
294,5,1151,7,30,75 
294,10,1150,61,54,135 
294,11,1162,93,66,165 
294,12,326,3,42,105 
294,13,1238,77,66,165 
295,9,1198,76,58,145 
295,5,1151,7,30,75 
295,10,1150,61,54,135 
295,11,1158,89,66,165 
295,12,322,7,42,105 
295,13,1230,77,66,165 
296,9,1198,76,58,145 
296,5,1151,7,30,75 
296,10,1146,65,54,135 
296,11,1160,95,60,150 
296,12,314,7,42,105 
296,13,1230,77,66,165 
297,9,1198,76,58,145 
297,5,1151,7,30,75 
297,10,1136,59,60,150 
297,11,1156,95,60,150 
297,12,306,7,42,105 
297,13,1230,77,66,165 
298,9,1194,76,58,145 
298,5,1151,7,30,75 
298,10,1136,59,60,150 
298,11,1156,95,60,150 
298,12,296,1,48,120 
298,13,1230,77,66,165 
299,9,1194,76,58,145 
299,5,1151,7,30,75 
299,10,1136,59,60,150 
299,11,1156,95,60,150 
299,12,288,1,48,120 
299,13,1230,77,66,165 
300,9,1194,76,58,145 
300,5,1151,7,30,75 
300,10,1136,59,60,150 
300,11,1148,95,60,150 
300,12,280,5,48,120 
300,13,1226,77,66,165 
301,9,1194,76,58,145 
301,5,1151,7,30,75 
301,10,1136,63,60,150 
301,11,1144,95,60,150 
301,12,276,9,48,120 
301,13,1226,73,66,165 
302,9,1198,80,58,145 
302,5,1151,7,30,75 
302,10,1140,63,60,150 
302,11,1144,95,60,150 
302,12,268,13,48,120 
302,13,1224,75,60,150 
303,9,1198,80,58,145 
303,5,1151,7,30,75 
303,10,1140,63,60,150 
303,11,1136,95,60,150 
303,12,260,13,48,120 
303,13,1220,75,60,150 
304,9,1206,80,58,145 
304,5,1151,7,30,75 
304,10,1140,63,60,150 
304,11,1136,91,60,150 
304,12,252,13,48,120 
304,13,1216,71,60,150 
305,9,1214,80,58,145 
305,5,1151,7,30,75 
305,10,1148,71,60,150 
305,11,1128,91,60,150 
305,12,244,13,48,120 
305,13,1212,71,60,150 
306,9,1222,80,58,145 
306,5,1151,7,30,75 
306,10,1156,71,60,150 
306,11,1128,91,60,150 
306,12,236,17,48,120 
306,13,1212,71,60,150 
307,9,1222,88,58,145 
307,5,1151,7,30,75 
307,10,1156,71,60,150 
307,11,1128,91,60,150 
307,12,220,25,48,120 
307,13,1212,71,60,150 
308,9,1228,82,64,160 
308,5,1151,7,30,75 
308,10,1164,71,60,150 
308,11,1128,91,60,150 
308,12,204,21,48,120 
308,13,1206,69,54,135 
309,9,1228,82,64,160 
309,5,1151,7,30,75 
309,10,1168,75,60,150 
309,11,1128,91,60,150 
309,12,200,25,48,120 
309,13,1206,69,54,135 
310,9,1232,82,64,160 
310,5,1151,7,30,75 
310,10,1168,75,60,150 
310,11,1120,91,60,150 
310,12,196,29,48,120 
310,13,1206,69,54,135 
311,9,1240,82,64,160 
311,5,1151,7,30,75 
311,10,1172,75,60,150 
311,11,1120,91,60,150 
311,12,180,29,48,120 
311,13,1202,69,54,135 
312,9,1248,82,64,160 
312,5,1151,7,30,75 
312,10,1176,75,60,150 
312,11,1120,91,60,150 
312,12,168,29,48,120 
312,13,1202,61,54,135 
313,9,1256,86,64,160 
313,5,1151,7,30,75 
313,10,1180,75,60,150 
313,11,1120,91,60,150 
313,12,158,23,54,135 
313,13,1202,61,54,135 
314,9,1256,86,64,160 
314,5,1151,7,30,75 
314,10,1180,79,60,150 
314,11,1120,91,60,150 
314,12,150,23,54,135 
314,13,1202,61,54,135 
315,9,1262,92,58,145 
315,5,1151,7,30,75 
315,10,1180,79,60,150 
315,11,1120,91,60,150 
315,12,142,23,54,135 
315,13,1202,65,54,135 
316,9,1262,92,58,145 
316,5,1151,7,30,75 
316,10,1180,79,60,150 
316,11,1120,91,60,150 
316,12,134,23,54,135 
316,13,1202,61,54,135 
317,5,1151,7,30,75 
317,10,1178,73,66,165 
317,11,1120,91,60,150 
317,12,122,23,54,135 
317,13,1202,57,54,135 
318,5,1151,7,30,75 
318,10,1182,77,66,165 
318,11,1120,91,60,150 
318,12,122,31,54,135 
318,13,1202,61,54,135 
319,5,1151,7,30,75 
319,10,1182,77,66,165 
319,11,1120,91,60,150 
319,12,114,31,54,135 
319,13,1202,61,54,135 
320,5,1151,7,30,75 
320,10,1190,77,66,165 
320,11,1120,91,60,150 
320,12,94,31,54,135 
320,13,1202,61,54,135 
321,5,1151,7,30,75 
321,10,1190,77,66,165 
321,11,1120,91,60,150 
321,12,82,39,54,135 
321,13,1198,57,54,135 
322,5,1151,7,30,75 
322,10,1190,77,66,165 
322,11,1120,91,60,150 
322,12,82,39,54,135 
322,13,1198,57,54,135 
322,14,1258,86,60,150 
323,5,1151,7,30,75 
323,10,1190,77,66,165 
323,11,1120,91,60,150 
323,12,66,39,54,135 
323,13,1198,57,54,135 
323,14,1258,86,60,150 
324,5,1151,7,30,75 
324,10,1190,89,66,165 
324,11,1120,91,60,150 
324,12,58,43,54,135 
324,13,1198,57,54,135 
324,14,1258,86,60,150 
325,5,1151,7,30,75 
325,10,1198,89,66,165 
325,11,1120,91,60,150 
325,12,46,47,54,135 
325,13,1202,57,54,135 
325,14,1250,86,60,150 
326,5,1151,7,30,75 
326,10,1202,89,66,165 
326,11,1120,91,60,150 
326,12,34,47,54,135 
326,13,1202,53,54,135 
326,14,1238,86,60,150 
327,5,1151,7,30,75 
327,10,1202,89,66,165 
327,11,1120,91,60,150 
327,12,26,47,54,135 
327,13,1202,53,54,135 
327,14,1234,82,60,150 
328,5,1151,7,30,75 
328,10,1206,97,66,165 
328,11,1120,91,60,150 
328,12,6,51,54,135 
328,13,1202,53,54,135 
328,14,1234,82,60,150 
329,5,1151,7,30,75 
329,10,1210,97,66,165 
329,11,1120,91,60,150 
329,12,6,51,54,135 
329,13,1202,53,54,135 
329,14,1234,82,60,150 
330,5,1151,7,30,75 
330,10,1208,91,72,180 
330,11,1120,91,60,150 
330,13,1202,45,54,135 
330,14,1222,82,60,150 
331,5,1151,7,30,75 
331,10,1208,91,72,180 
331,11,1120,91,60,150 
331,13,1202,45,54,135 
331,14,1222,82,60,150 
332,5,1151,7,30,75 
332,10,1220,91,72,180 
332,11,1120,91,60,150 
332,13,1198,45,54,135 
332,14,1214,82,60,150 
333,5,1151,7,30,75 
333,10,1220,91,72,180 
333,11,1120,91,60,150 
333,13,1198,45,54,135 
333,14,1214,82,60,150 
334,5,1151,7,30,75 
334,10,1220,99,72,180 
334,11,1120,91,60,150 
334,13,1198,45,54,135 
334,14,1214,82,60,150 
335,5,1151,7,30,75 
335,10,1232,99,72,180 
335,11,1120,91,60,150 
335,13,1198,45,54,135 
335,14,1206,74,60,150 
336,5,1151,7,30,75 
336,10,1232,99,72,180 
336,11,1120,91,60,150 
336,13,1198,45,54,135 
336,14,1206,74,60,150 
337,5,1151,7,30,75 
337,10,1248,99,72,180 
337,11,1120,91,60,150 
337,13,1198,45,54,135 
337,14,1206,74,60,150 
338,5,1151,7,30,75 
338,10,1248,99,72,180 
338,11,1120,91,60,150 
338,13,1198,45,54,135 
338,14,1206,74,60,150 
339,5,1151,7,30,75 
339,10,1248,111,72,180 
339,11,1120,91,60,150 
339,13,1188,39,48,120 
339,14,1204,72,54,135 
340,5,1151,7,30,75 
340,10,1254,113,66,165 
340,11,1120,91,60,150 
340,13,1188,39,48,120 
340,14,1204,72,54,135 
341,5,1151,7,30,75 
341,10,1254,113,66,165 
341,11,1120,91,60,150 
341,13,1192,39,48,120 
341,14,1204,72,54,135 
342,5,1151,7,30,75 
342,11,1120,91,60,150 
342,13,1192,39,48,120 
342,14,1204,72,54,135 
343,5,1151,7,30,75 
343,11,1120,91,60,150 
343,13,1192,39,48,120 
343,14,1204,72,54,135 
344,5,1151,7,30,75 
344,11,1120,91,60,150 
344,13,1192,39,48,120 
344,14,1200,68,54,135 
345,5,1151,7,30,75 
345,11,1120,91,60,150 
345,13,1192,39,48,120 
345,14,1200,68,54,135 
346,5,1151,7,30,75 
346,11,1120,91,60,150 
346,13,1192,39,48,120 
346,14,1200,68,54,135 
347,5,1151,7,30,75 
347,11,1120,91,60,150 
347,13,1192,39,48,120 
347,14,1200,68,54,135 
348,5,1151,7,30,75 
348,11,1120,91,60,150 
348,13,1192,39,48,120 
348,14,1200,68,54,135 
349,5,1151,7,30,75 
349,11,1120,91,60,150 
349,13,1184,35,48,120 
349,14,1192,60,54,135 
350,5,1151,7,30,75 
350,11,1120,91,60,150 
350,13,1184,35,48,120 
350,14,1192,60,54,135 
351,5,1151,7,30,75 
351,11,1120,91,60,150 
351,13,1184,35,48,120 
351,14,1192,60,54,135 
352,5,1151,7,30,75 
352,11,1120,91,60,150 
352,13,1184,35,48,120 
352,14,1192,60,54,135 
353,5,1151,7,30,75 
353,11,1120,91,60,150 
353,13,1184,35,48,120 
353,14,1192,60,54,135 
354,5,1151,7,30,75 
354,11,1120,91,60,150 
354,13,1184,35,48,120 
354,14,1192,60,54,135 
355,5,1151,7,30,75 
355,11,1120,91,60,150 
355,13,1182,33,42,105 
355,14,1190,62,48,120 
356,5,1151,7,30,75 
356,11,1120,91,60,150 
356,13,1182,33,42,105 
356,14,1190,62,48,120 
357,5,1151,7,30,75 
357,11,1120,91,60,150 
357,13,1182,33,42,105 
357,14,1190,62,48,120 
358,5,1151,7,30,75 
358,11,1120,91,60,150 
358,13,1182,33,42,105 
358,14,1190,62,48,120 
359,5,1151,7,30,75 
359,11,1120,91,60,150 
359,13,1178,29,42,105 
359,14,1190,54,48,120 
360,5,1151,7,30,75 
360,11,1120,91,60,150 
360,13,1178,29,42,105 
360,14,1190,54,48,120 
361,5,1151,7,30,75 
361,11,1120,91,60,150 
361,13,1178,29,42,105 
361,14,1190,58,48,120 
362,5,1151,7,30,75 
362,11,1120,91,60,150 
362,13,1178,29,42,105 
362,14,1190,58,48,120 
363,5,1151,7,30,75 
363,11,1120,91,60,150 
363,13,1178,29,42,105 
363,14,1186,50,48,120 
364,5,1151,7,30,75 
364,11,1120,91,60,150 
364,13,1178,29,42,105 
364,14,1186,50,48,120 
365,5,1151,7,30,75 
365,11,1120,91,60,150 
365,13,1178,29,42,105 
365,14,1186,50,48,120 
366,5,1151,7,30,75 
366,11,1120,91,60,150 
366,13,1178,29,42,105 
366,14,1186,50,48,120 
367,5,1151,7,30,75 
367,11,1120,91,60,150 
367,13,1174,29,42,105 
367,14,1186,50,48,120 
368,5,1151,7,30,75 
368,11,1120,91,60,150 
368,13,1174,29,42,105 
368,14,1186,50,48,120 
369,5,1151,7,30,75 
369,11,1112,91,60,150 
369,13,1174,29,42,105 
369,14,1186,50,48,120 
370,5,1151,7,30,75 
370,11,1112,91,60,150 
370,13,1174,29,42,105 
370,14,1186,50,48,120 
371,5,1151,7,30,75 
371,11,1112,91,60,150 
371,13,1170,25,42,105 
371,14,1186,46,48,120 
372,5,1151,7,30,75 
372,11,1112,91,60,150 
372,13,1170,25,42,105 
372,14,1186,46,48,120 
373,5,1151,7,30,75 
373,11,1112,91,60,150 
373,13,1170,25,42,105 
373,14,1186,46,48,120 
374,5,1151,7,30,75 
374,11,1112,91,60,150 
374,13,1170,25,42,105 
374,14,1186,46,48,120 
375,5,1151,7,30,75 
375,11,1112,91,60,150 
375,13,1170,25,42,105 
375,14,1186,46,48,120 
376,5,1151,7,30,75 
376,11,1112,91,60,150 
376,13,1170,25,42,105 
376,14,1186,46,48,120 
377,5,1151,7,30,75 
377,11,1112,91,60,150 
377,13,1170,25,42,105 
377,14,1186,46,48,120 
378,5,1151,7,30,75 
378,11,1112,91,60,150 
378,13,1170,25,42,105 
378,14,1186,46,48,120 
379,5,1151,7,30,75 
379,11,1112,91,60,150 
379,13,1168,27,36,90 
379,14,1188,48,42,105 
380,5,1151,7,30,75 
380,11,1112,91,60,150 
380,13,1168,27,36,90 
380,14,1188,48,42,105 
381,5,1151,7,30,75 
381,11,1112,91,60,150 
381,13,1168,23,36,90 
381,14,1188,44,42,105 
382,5,1151,7,30,75 
382,11,1112,91,60,150 
382,13,1168,23,36,90 
382,14,1188,44,42,105 
383,5,1151,7,30,75 
383,11,1112,91,60,150 
383,13,1168,23,36,90 
383,14,1188,44,42,105 
383,15,4,63,54,135 
384,5,1151,7,30,75 
384,11,1112,91,60,150 
384,13,1164,23,36,90 
384,14,1184,40,42,105 
384,15,5,56,54,135 
385,5,1151,7,30,75 
385,11,1112,91,60,150 
385,13,1164,23,36,90 
385,14,1184,44,42,105 
385,15,5,56,54,135 
386,5,1151,7,30,75 
386,11,1116,91,60,150 
386,13,1160,23,36,90 
386,14,1184,44,42,105 
386,15,13,56,54,135 
387,5,1151,7,30,75 
387,11,1116,91,60,150 
387,13,1160,19,36,90 
387,14,1184,40,42,105 
387,15,17,56,54,135 
388,5,1151,7,30,75 
388,11,1116,91,60,150 
388,13,1160,19,36,90 
388,14,1184,40,42,105 
388,15,25,56,54,135 
389,5,1151,7,30,75 
389,11,1120,91,60,150 
389,13,1156,19,36,90 
389,14,1180,44,42,105 
389,15,33,56,54,135 
390,5,1151,7,30,75 
390,11,1120,91,60,150 
390,13,1156,19,36,90 
390,14,1180,44,42,105 
390,15,33,56,54,135 
391,5,1151,7,30,75 
391,11,1120,91,60,150 
391,13,1152,15,36,90 
391,14,1172,40,42,105 
391,15,41,56,54,135 
392,5,1151,7,30,75 
392,11,1120,91,60,150 
392,13,1152,15,36,90 
392,14,1172,40,42,105 
392,15,45,56,54,135 
393,5,1151,7,30,75 
393,11,1120,91,60,150 
393,13,1152,15,36,90 
393,14,1172,40,42,105 
393,15,45,56,54,135 
394,5,1151,7,30,75 
394,11,1120,91,60,150 
394,13,1152,15,36,90 
394,14,1172,40,42,105 
394,15,49,56,54,135 
395,5,1151,7,30,75 
395,11,1120,91,60,150 
395,13,1148,11,36,90 
395,14,1164,36,42,105 
395,15,53,56,54,135 
396,5,1151,7,30,75 
396,11,1120,91,60,150 
396,13,1148,11,36,90 
396,14,1160,40,42,105 
396,15,57,56,54,135 
397,5,1151,7,30,75 
397,11,1120,91,60,150 
397,14,1152,36,42,105 
397,15,65,56,54,135 
398,5,1151,7,30,75 
398,11,1120,91,60,150 
398,14,1148,36,42,105 
398,15,69,56,54,135 
399,11,1112,77,65,162 
399,14,1141,36,45,113 
399,15,77,56,50,126 
399,5,1151,7,30,75 
400,11,1112,77,65,162 
400,14,1141,36,45,113 
400,15,77,56,50,126 
400,5,1151,7,30,75 
401,11,1112,77,65,162 
401,14,1141,36,45,113 
401,15,81,52,50,126 
401,5,1151,7,30,75 
402,11,1112,77,65,162 
402,14,1131,38,39,98 
402,15,81,52,50,126 
402,5,1151,7,30,75 
403,11,1112,77,65,162 
403,14,1131,38,39,98 
403,15,83,50,56,140 
403,5,1151,7,30,75 
404,11,1118,87,59,148 
404,14,1131,38,39,98 
404,15,83,50,56,140 
404,5,1151,7,30,75 
405,11,1118,87,59,148 
405,15,83,50,56,140 
405,5,1151,7,30,75 
406,11,1118,87,59,148 
406,15,89,48,50,125 
406,5,1151,7,30,75 
407,11,1118,87,59,148 
407,15,97,48,50,125 
407,5,1151,7,30,75 
408,11,1118,87,59,148 
408,15,97,48,50,125 
408,5,1151,7,30,75 
409,11,1118,87,59,148 
409,15,105,48,50,125 
409,5,1151,7,30,75 
410,11,1118,87,59,148 
410,15,105,48,50,125 
410,5,1151,7,30,75 
411,11,1118,87,59,148 
411,15,113,48,50,125 
411,5,1151,7,30,75 
412,11,1118,87,59,148 
412,15,117,44,50,125 
412,5,1151,7,30,75 
413,11,1118,87,59,148 
413,15,117,44,50,125 
413,5,1151,7,30,75 
414,11,1118,87,59,148 
414,15,125,44,50,125 
414,5,1151,7,30,75 
415,11,1118,87,59,148 
415,15,129,44,50,125 
415,5,1151,7,30,75 
416,11,1118,87,59,148 
416,15,129,44,50,125 
416,5,1151,7,30,75 
417,11,1118,87,59,148 
417,15,137,44,50,125 
417,5,1151,7,30,75 
418,11,1118,87,59,148 
418,15,137,44,50,125 
418,5,1151,7,30,75 
419,11,1118,87,59,148 
419,15,145,44,50,125 
419,5,1151,7,30,75 
420,11,1118,87,59,148 
420,15,145,44,50,125 
420,5,1151,7,30,75 
421,11,1118,87,59,148 
421,15,149,44,50,125 
421,5,1151,7,30,75 
422,11,1118,87,59,148 
422,15,149,44,50,125 
422,5,1151,7,30,75 
423,11,1118,87,59,148 
423,15,153,44,50,125 
423,5,1151,7,30,75 
424,11,1118,87,59,148 
424,15,153,44,50,125 
424,5,1151,7,30,75 
425,11,1118,87,59,148 
425,15,157,44,50,125 
425,5,1151,7,30,75 
426,11,1118,87,59,148 
426,15,157,44,50,125 
426,5,1151,7,30,75 
427,11,1118,87,59,148 
427,15,161,40,50,125 
427,5,1151,7,30,75 
428,11,1118,87,59,148 
428,15,161,40,50,125 
428,5,1151,7,30,75 
429,11,1118,87,59,148 
429,15,165,36,50,125 
429,5,1151,7,30,75 
430,11,1118,87,59,148 
430,15,165,36,50,125 
430,5,1151,7,30,75 
431,11,1118,87,59,148 
431,15,169,32,50,125 
431,5,1151,7,30,75 
432,11,1118,87,59,148 
432,15,169,32,50,125 
432,5,1151,7,30,75 
433,11,1118,87,59,148 
433,15,177,32,50,125 
433,5,1151,7,30,75 
434,11,1118,87,59,148 
434,15,177,32,50,125 
434,5,1151,7,30,75 
435,11,1118,87,59,148 
435,15,183,38,44,110 
435,5,1151,7,30,75 
436,11,1118,87,59,148 
436,15,183,38,44,110 
436,5,1151,7,30,75 
437,11,1118,87,59,148 
437,15,187,38,44,110 
437,5,1151,7,30,75 
438,11,1118,87,59,148 
438,15,187,38,44,110 
438,5,1151,7,30,75 
439,11,1118,87,59,148 
439,15,187,38,44,110 
439,5,1151,7,30,75 
440,11,1118,87,59,148 
440,15,187,38,44,110 
440,5,1151,7,30,75 
441,11,1118,87,59,148 
441,15,195,38,44,110 
441,5,1151,7,30,75 
442,11,1118,87,59,148 
442,15,195,38,44,110 
442,5,1151,7,30,75 
443,11,1118,87,59,148 
443,15,203,38,44,110 
443,5,1151,7,30,75 
444,11,1118,87,59,148 
444,15,203,38,44,110 
444,5,1151,7,30,75 
445,11,1118,87,59,148 
445,15,207,38,44,110 
445,5,1151,7,30,75 
446,11,1118,87,59,148 
446,15,207,38,44,110 
446,5,1151,7,30,75 
447,11,1118,87,59,148 
447,15,211,34,44,110 
447,5,1151,7,30,75 
448,11,1118,87,59,148 
448,15,211,34,44,110 
448,5,1151,7,30,75 
448,14,1142,32,36,90 
449,11,1118,87,59,148 
449,15,215,34,44,110 
449,5,1151,7,30,75 
449,14,1146,28,36,90 
450,11,1118,87,59,148 
450,15,215,34,44,110 
450,5,1151,7,30,75 
450,14,1146,28,36,90 
451,11,1118,87,59,148 
451,15,215,34,44,110 
451,5,1155,7,30,75 
451,14,1146,28,36,90 
452,11,1118,87,59,148 
452,15,215,34,44,110 
452,5,1155,7,30,75 
452,14,1146,28,36,90 
453,11,1118,87,59,148 
453,15,223,34,44,110 
453,5,1159,7,30,75 
453,14,1146,28,36,90 
454,11,1118,87,59,148 
454,15,223,34,44,110 
454,5,1159,7,30,75 
454,14,1146,28,36,90 
455,11,1118,87,59,148 
455,15,231,34,44,110 
455,5,1159,7,30,75 
455,14,1150,28,36,90 
456,11,1118,87,59,148 
456,15,231,34,44,110 
456,5,1159,7,30,75 
456,14,1150,28,36,90 
457,11,1118,87,59,148 
457,15,235,34,44,110 
457,5,1159,7,30,75 
457,14,1154,24,36,90 
457,16,6,67,54,135 
458,11,1118,87,59,148 
458,15,235,34,44,110 
458,5,1159,7,30,75 
458,14,1154,24,36,90 
458,16,6,67,54,135 
459,11,1118,87,59,148 
459,15,239,34,44,110 
459,5,1159,7,30,75 
459,14,1154,24,36,90 
459,16,14,67,54,135 
460,11,1118,87,59,148 
460,15,239,34,44,110 
460,5,1159,7,30,75 
460,14,1154,24,36,90 
460,16,22,67,54,135 
461,11,1118,87,59,148 
461,15,243,34,44,110 
461,5,1159,7,30,75 
461,14,1154,24,36,90 
461,16,26,67,54,135 
462,11,1118,87,59,148 
462,15,243,34,44,110 
462,5,1159,7,30,75 
462,14,1154,24,36,90 
462,16,34,67,54,135 
463,11,1118,87,59,148 
463,15,251,26,44,110 
463,5,1159,7,30,75 
463,14,1154,20,36,90 
463,16,38,63,54,135 
464,11,1118,87,59,148 
464,15,255,26,44,110 
464,5,1159,7,30,75 
464,14,1158,24,36,90 
464,16,42,59,54,135 
465,11,1118,87,59,148 
465,15,259,26,44,110 
465,5,1159,7,30,75 
465,14,1158,24,36,90 
465,16,46,59,54,135 
466,11,1118,87,59,148 
466,15,259,26,44,110 
466,5,1159,7,30,75 
466,14,1158,24,36,90 
466,16,54,59,54,135 
467,11,1118,87,59,148 
467,15,269,28,38,95 
467,5,1159,7,30,75 
467,14,1158,24,36,90 
467,16,58,55,54,135 
468,11,1118,87,59,148 
468,15,269,28,38,95 
468,5,1159,7,30,75 
468,14,1158,24,36,90 
468,16,62,55,54,135 
469,11,1118,87,59,148 
469,15,273,28,38,95 
469,5,1159,7,30,75 
469,14,1158,24,36,90 
469,16,66,55,54,135 
470,11,1118,87,59,148 
470,15,277,24,38,95 
470,5,1159,7,30,75 
470,14,1158,16,36,90 
470,16,74,51,54,135 
471,11,1118,87,59,148 
471,15,281,24,38,95 
471,5,1159,7,30,75 
471,14,1158,16,36,90 
471,16,78,51,54,135 
472,11,1118,87,59,148 
472,15,281,24,38,95 
472,5,1159,7,30,75 
472,14,1158,16,36,90 
472,16,82,47,54,135 
473,11,1118,87,59,148 
473,15,281,24,38,95 
473,5,1159,7,30,75 
473,14,1158,16,36,90 
473,16,82,47,54,135 
474,11,1106,87,59,148 
474,15,289,24,38,95 
474,5,1159,7,30,75 
474,14,1158,16,36,90 
474,16,96,53,48,120 
475,11,1106,87,59,148 
475,15,293,24,38,95 
475,5,1159,7,30,75 
475,14,1158,16,36,90 
475,16,104,53,48,120 
476,11,1106,87,59,148 
476,15,297,20,38,95 
476,5,1159,7,30,75 
476,14,1158,16,36,90 
476,16,108,49,48,120 
477,11,1102,87,59,148 
477,15,297,20,38,95 
477,5,1159,7,30,75 
477,14,1158,16,36,90 
477,16,108,49,48,120 
478,11,1102,87,59,148 
478,15,297,20,38,95 
478,5,1155,7,30,75 
478,14,1158,16,36,90 
478,16,112,49,48,120 
479,11,1102,87,59,148 
479,15,301,20,38,95 
479,5,1155,7,30,75 
479,14,1158,16,36,90 
479,16,116,49,48,120 
480,11,1102,87,59,148 
480,15,305,24,38,95 
480,5,1155,7,30,75 
480,14,1154,16,36,90 
480,16,120,49,48,120 
480,13,1033,3,30,75 
481,11,1102,87,59,148 
481,15,305,20,38,95 
481,5,1155,7,30,75 
481,14,1154,16,36,90 
481,16,124,49,48,120 
481,13,1033,3,30,75 
482,11,1094,87,59,148 
482,15,305,20,38,95 
482,5,1155,7,30,75 
482,14,1154,16,36,90 
482,16,128,49,48,120 
482,13,1029,3,30,75 
483,11,1094,87,59,148 
483,15,309,20,38,95 
483,5,1155,7,30,75 
483,14,1154,16,36,90 
483,16,134,51,42,105 
483,13,1029,3,30,75 
484,11,1094,87,59,148 
484,15,309,20,38,95 
484,5,1155,7,30,75 
484,14,1150,16,36,90 
484,16,142,51,42,105 
484,13,1025,3,30,75 
485,11,1094,87,59,148 
485,15,317,20,38,95 
485,5,1151,7,30,75 
485,14,1150,16,36,90 
485,16,146,47,42,105 
485,13,1017,3,30,75 
486,11,1094,87,59,148 
486,15,317,20,38,95 
486,5,1151,7,30,75 
486,14,1150,16,36,90 
486,16,146,47,42,105 
486,13,1017,3,30,75 
487,11,1094,87,59,148 
487,15,321,20,38,95 
487,5,1151,7,30,75 
487,16,154,47,42,105 
487,13,1013,3,30,75 
488,11,1086,87,59,148 
488,15,325,20,38,95 
488,5,1151,7,30,75 
488,16,158,47,42,105 
488,13,1009,3,30,75 
489,11,1086,87,59,148 
489,15,325,20,38,95 
489,5,1151,7,30,75 
489,16,166,43,42,105 
489,13,1001,3,30,75 
490,11,1086,87,59,148 
490,15,325,20,38,95 
490,5,1151,7,30,75 
490,16,166,43,42,105 
490,13,1001,3,30,75 
491,11,1086,87,59,148 
491,15,325,20,38,95 
491,5,1151,7,30,75 
491,16,166,43,42,105 
491,13,997,3,30,75 
491,17,4,70,54,135 
492,11,1086,87,59,148 
492,15,325,20,38,95 
492,5,1151,7,30,75 
492,16,170,47,42,105 
492,13,993,3,30,75 
492,17,4,70,54,135 
493,11,1086,87,59,148 
493,15,325,20,38,95 
493,5,1151,7,30,75 
493,16,178,43,42,105 
493,13,989,3,30,75 
493,17,4,70,54,135 
494,11,1086,87,59,148 
494,15,325,20,38,95 
494,5,1151,11,30,75 
494,16,182,39,42,105 
494,13,985,3,30,75 
494,17,10,64,60,150 
495,11,1086,87,59,148 
495,15,325,20,38,95 
495,5,1155,11,30,75 
495,16,186,39,42,105 
495,13,981,3,30,75 
495,17,14,64,60,150 
496,11,1086,87,59,148 
496,15,325,20,38,95 
496,5,1159,11,30,75 
496,16,186,39,42,105 
496,13,973,3,30,75 
496,17,22,64,60,150 
497,11,1086,87,59,148 
497,15,325,20,38,95 
497,5,1159,11,30,75 
497,16,186,39,42,105 
497,13,973,3,30,75 
497,17,22,64,60,150 
498,11,1086,87,59,148 
498,15,325,20,38,95 
498,5,1163,11,30,75 
498,16,186,39,42,105 
498,13,965,3,30,75 
498,17,34,64,60,150 
498,18,1138,22,42,105 
499,11,1086,87,59,148 
499,15,325,20,38,95 
499,0,1163,11,30,75 
499,16,186,39,42,105 
499,13,953,3,30,75 
499,17,38,64,60,150 
499,18,1138,22,42,105 
500,11,1086,87,59,148 
500,15,349,12,38,95 
500,5,1163,11,30,75 
500,16,198,35,42,105 
500,13,953,3,30,75 
500,17,38,64,60,150 
500,18,1138,22,42,105 
501,11,1086,87,59,148 
501,15,349,12,38,95 
501,0,1163,11,30,75 
501,16,198,35,42,105 
501,13,945,3,30,75 
501,17,46,64,60,150 
501,18,1142,26,42,105 
502,11,1086,87,59,148 
502,15,349,12,38,95 
502,0,1163,11,30,75 
502,16,202,31,42,105 
502,13,941,3,30,75 
502,17,46,64,60,150 
502,18,1142,26,42,105 
503,11,1086,87,59,148 
503,15,349,12,38,95 
503,0,1163,11,30,75 
503,16,202,31,42,105 
503,13,933,3,30,75 
503,17,46,64,60,150 
503,18,1142,26,42,105 
503,19,465,5,30,75 
504,11,1086,87,59,148 
504,15,353,12,38,95 
504,5,1163,11,30,75 
504,16,202,31,42,105 
504,13,925,3,30,75 
504,17,46,64,60,150 
504,18,1142,26,42,105 
504,19,461,5,30,75 
505,11,1086,87,59,148 
505,15,357,12,38,95 
505,5,1163,11,30,75 
505,16,226,31,42,105 
505,13,921,3,30,75 
505,17,54,56,60,150 
505,18,1146,30,42,105 
505,19,457,5,30,75 
506,11,1086,87,59,148 
506,15,357,12,38,95 
506,5,1163,11,30,75 
506,16,226,31,42,105 
506,13,917,3,30,75 
506,17,54,56,60,150 
506,18,1146,30,42,105 
506,19,457,5,30,75 
507,11,1086,87,59,148 
507,15,365,12,38,95 
507,5,1163,15,30,75 
507,16,226,31,42,105 
507,13,913,3,30,75 
507,17,54,56,60,150 
507,18,1146,30,42,105 
507,19,457,9,30,75 
508,11,1086,87,59,148 
508,15,365,12,38,95 
508,5,1163,15,30,75 
508,16,226,31,42,105 
508,13,905,3,30,75 
508,17,76,54,54,135 
508,18,1150,30,42,105 
508,19,453,9,30,75 
509,11,1086,87,59,148 
509,15,369,12,38,95 
509,5,1167,15,30,75 
509,16,230,31,42,105 
509,13,905,3,30,75 
509,17,76,54,54,135 
509,18,1150,30,42,105 
509,19,453,9,30,75 
510,11,1086,87,59,148 
510,15,369,12,38,95 
510,5,1167,15,30,75 
510,16,230,31,42,105 
510,13,905,3,30,75 
510,17,76,54,54,135 
510,18,1150,30,42,105 
510,19,453,9,30,75 
510,20,35,49,54,135 
511,11,1086,87,59,148 
511,15,369,12,38,95 
511,5,1167,15,30,75 
511,16,234,31,42,105 
511,13,901,3,30,75 
511,17,84,54,54,135 
511,18,1150,34,42,105 
511,19,449,9,30,75 
511,20,35,49,54,135 
512,11,1086,87,59,148 
512,15,373,12,38,95 
512,5,1167,15,30,75 
512,16,238,31,42,105 
512,13,901,3,30,75 
512,17,84,54,54,135 
512,18,1150,34,42,105 
512,19,449,9,30,75 
512,20,39,49,54,135 
513,11,1086,87,59,148 
513,15,373,12,38,95 
513,5,1167,15,30,75 
513,16,242,27,42,105 
513,13,897,3,30,75 
513,17,84,50,54,135 
513,18,1150,34,42,105 
513,19,439,3,36,90 
513,20,47,49,54,135 
514,11,1086,87,59,148 
514,15,373,8,38,95 
514,5,1163,15,30,75 
514,16,252,37,36,90 
514,13,893,3,30,75 
514,17,88,46,54,135 
514,18,1154,38,42,105 
514,19,435,7,36,90 
514,20,51,45,54,135 
515,18,1148,29,47,118 
515,11,1081,88,59,148 
515,19,434,10,34,84 
515,17,89,47,55,138 
515,20,52,43,55,138 
515,16,252,29,41,103 
515,5,1163,11,30,75 
515,13,895,4,30,75 
515,15,377,13,36,90 
516,18,1148,29,47,118 
516,11,1081,88,59,148 
516,19,434,10,34,84 
516,17,93,47,55,138 
516,20,56,43,55,138 
516,16,256,29,41,103 
516,5,1163,15,30,75 
516,13,895,4,30,75 
516,15,377,13,36,90 
517,18,1148,29,47,118 
517,11,1081,88,59,148 
517,19,434,10,34,84 
517,17,93,47,55,138 
517,20,56,43,55,138 
517,16,256,29,41,103 
517,5,1163,15,30,75 
517,13,895,4,30,75 
517,15,377,13,36,90 
518,18,1148,29,47,118 
518,11,1081,88,59,148 
518,19,426,10,34,84 
518,17,101,47,55,138 
518,20,64,43,55,138 
518,16,260,29,41,103 
518,5,1159,15,30,75 
518,13,891,4,30,75 
518,15,381,9,36,90 
519,18,1148,37,47,118 
519,11,1081,88,59,148 
519,19,422,14,34,84 
519,17,105,43,55,138 
519,20,64,43,55,138 
519,16,264,29,41,103 
519,5,1159,15,30,75 
519,13,887,4,30,75 
519,15,381,9,36,90 
520,18,1148,37,47,118 
520,11,1081,88,59,148 
520,19,418,14,34,84 
520,17,109,43,55,138 
520,20,68,39,55,138 
520,16,268,25,41,103 
520,5,1159,15,30,75 
520,13,883,4,30,75 
520,15,389,9,36,90 
521,18,1148,37,47,118 
521,11,1081,88,59,148 
521,19,418,14,34,84 
521,17,113,43,55,138 
521,20,68,39,55,138 
521,16,272,25,41,103 
521,5,1159,15,30,75 
521,13,883,4,30,75 
521,15,389,9,36,90 
522,18,1148,37,47,118 
522,11,1081,88,59,148 
522,19,414,14,34,84 
522,17,117,43,55,138 
522,20,68,39,55,138 
522,16,272,25,41,103 
522,5,1159,15,30,75 
522,13,883,4,30,75 
522,15,389,9,36,90 
523,18,1148,37,47,118 
523,11,1081,88,59,148 
523,19,414,14,34,84 
523,17,117,43,55,138 
523,20,72,39,55,138 
523,16,276,25,41,103 
523,5,1159,15,30,75 
523,13,883,4,30,75 
523,15,389,9,36,90 
524,18,1152,37,47,118 
524,11,1081,88,59,148 
524,19,406,14,34,84 
524,17,121,39,55,138 
524,20,80,35,55,138 
524,16,280,21,41,103 
524,5,1163,15,30,75 
524,13,879,4,30,75 
524,15,393,5,36,90 
525,18,1152,37,47,118 
525,11,1081,88,59,148 
525,19,402,14,34,84 
525,17,125,39,55,138 
525,20,80,35,55,138 
525,16,280,21,41,103 
525,5,1163,15,30,75 
525,13,879,4,30,75 
525,15,393,5,36,90 
526,18,1152,37,47,118 
526,11,1081,88,59,148 
526,19,398,18,34,84 
526,17,129,39,55,138 
526,20,88,35,55,138 
526,16,284,21,41,103 
526,5,1167,15,30,75 
526,13,875,4,30,75 
526,15,393,5,36,90 
527,18,1152,41,47,118 
527,11,1081,88,59,148 
527,19,398,18,34,84 
527,17,129,39,55,138 
527,20,88,35,55,138 
527,16,288,21,41,103 
527,5,1167,15,30,75 
527,13,875,4,30,75 
527,15,397,5,36,90 
528,18,1152,41,47,118 
528,11,1081,88,59,148 
528,19,394,18,34,84 
528,17,133,39,55,138 
528,20,88,35,55,138 
528,16,288,21,41,103 
528,5,1167,15,30,75 
528,13,875,4,30,75 
528,15,397,5,36,90 
529,18,1152,41,47,118 
529,11,1081,88,59,148 
529,19,386,18,34,84 
529,17,141,39,55,138 
529,20,96,35,55,138 
529,16,296,21,41,103 
529,5,1167,15,30,75 
529,13,871,4,30,75 
529,15,405,5,36,90 
530,18,1152,45,47,118 
530,11,1079,94,53,133 
530,19,386,18,34,84 
530,17,141,39,55,138 
530,20,96,35,55,138 
530,16,296,21,41,103 
530,5,1167,15,30,75 
530,13,871,4,30,75 
530,15,405,5,36,90 
531,18,1152,45,47,118 
531,11,1079,94,53,133 
531,19,386,18,34,84 
531,17,145,39,55,138 
531,20,104,35,55,138 
531,16,300,21,41,103 
531,5,1171,15,30,75 
531,13,867,4,30,75 
531,15,405,5,36,90 
532,18,1152,45,47,118 
532,11,1079,94,53,133 
532,19,378,22,34,84 
532,17,155,41,49,123 
532,20,114,33,49,123 
532,16,306,23,35,88 
532,5,1171,15,30,75 
532,13,863,4,30,75 
532,15,405,5,36,90 
533,18,1152,45,47,118 
533,11,1079,94,53,133 
533,19,378,22,34,84 
533,17,155,41,49,123 
533,20,118,33,49,123 
533,16,306,23,35,88 
533,5,1171,15,30,75 
533,13,863,4,30,75 
533,15,405,5,36,90 
534,18,1156,45,47,118 
534,11,1079,94,53,133 
534,19,368,20,40,100 
534,17,159,37,49,123 
534,20,126,33,49,123 
534,16,310,23,35,88 
534,5,1171,15,30,75 
534,13,859,4,30,75 
534,15,405,5,36,90 
535,18,1156,45,47,118 
535,11,1079,94,53,133 
535,19,368,20,40,100 
535,17,159,37,49,123 
535,20,126,33,49,123 
535,16,310,23,35,88 
535,5,1171,15,30,75 
535,13,859,4,30,75 
535,15,405,5,36,90 
536,18,1156,53,47,118 
536,11,1079,94,53,133 
536,19,364,20,40,100 
536,17,167,37,49,123 
536,20,130,33,49,123 
536,16,314,23,35,88 
536,5,1171,15,30,75 
536,13,855,4,30,75 
536,15,409,5,36,90 
537,18,1156,53,47,118 
537,11,1079,94,53,133 
537,19,364,20,40,100 
537,17,167,37,49,123 
537,20,130,33,49,123 
537,16,314,23,35,88 
537,5,1171,15,30,75 
537,13,855,4,30,75 
537,15,409,5,36,90 
538,18,1160,57,47,118 
538,11,1079,94,53,133 
538,19,356,20,40,100 
538,17,175,37,49,123 
538,20,138,29,49,123 
538,16,322,23,35,88 
538,5,1171,15,30,75 
538,13,847,4,30,75 
538,15,413,5,36,90 
539,18,1160,57,47,118 
539,11,1079,94,53,133 
539,19,356,20,40,100 
539,17,175,37,49,123 
539,20,138,29,49,123 
539,16,322,23,35,88 
539,5,1171,15,30,75 
539,13,847,4,30,75 
539,15,413,5,36,90 
540,18,1160,57,47,118 
540,11,1079,94,53,133 
540,19,352,20,40,100 
540,17,183,33,49,123 
540,20,146,29,49,123 
540,16,326,19,35,88 
540,5,1175,15,30,75 
540,13,839,4,30,75 
540,15,417,5,36,90 
541,18,1160,57,47,118 
541,11,1079,94,53,133 
541,19,352,20,40,100 
541,17,183,33,49,123 
541,20,146,29,49,123 
541,16,326,19,35,88 
541,5,1175,15,30,75 
541,13,839,4,30,75 
541,15,417,5,36,90 
542,18,1168,57,47,118 
542,11,1079,94,53,133 
542,19,344,20,40,100 
542,17,191,33,49,123 
542,20,154,29,49,123 
542,16,330,19,35,88 
542,5,1175,15,30,75 
542,13,831,4,30,75 
542,15,417,5,36,90 
543,18,1168,57,47,118 
543,11,1079,94,53,133 
543,19,344,20,40,100 
543,17,191,33,49,123 
543,20,154,29,49,123 
543,16,330,19,35,88 
543,5,1175,15,30,75 
543,13,831,4,30,75 
543,15,417,5,36,90 
544,18,1168,57,47,118 
544,11,1075,94,53,133 
544,19,336,24,40,100 
544,17,199,29,49,123 
544,20,162,25,49,123 
544,16,334,15,35,88 
544,5,1175,15,30,75 
544,13,823,4,30,75 
544,15,421,5,36,90 
545,18,1168,57,47,118 
545,11,1075,94,53,133 
545,19,336,24,40,100 
545,17,199,29,49,123 
545,20,162,25,49,123 
545,16,334,15,35,88 
545,5,1175,15,30,75 
545,13,823,4,30,75 
545,15,421,5,36,90 
546,18,1168,65,47,118 
546,11,1063,98,53,133 
546,19,328,32,40,100 
546,17,207,33,49,123 
546,20,170,25,49,123 
546,16,342,15,35,88 
546,5,1175,15,30,75 
546,13,815,4,30,75 
546,15,423,3,30,75 
547,18,1168,65,47,118 
547,11,1063,98,53,133 
547,19,328,32,40,100 
547,17,207,33,49,123 
547,20,170,25,49,123 
547,16,342,15,35,88 
547,5,1175,15,30,75 
547,13,815,4,30,75 
547,15,423,3,30,75 
548,18,1170,59,53,133 
548,11,1059,98,53,133 
548,19,324,28,40,100 
548,17,215,33,49,123 
548,20,170,25,49,123 
548,16,346,15,35,88 
548,5,1175,15,30,75 
548,13,807,4,30,75 
548,15,427,3,30,75 
549,18,1170,59,53,133 
549,11,1059,98,53,133 
549,19,324,28,40,100 
549,17,215,33,49,123 
549,20,178,25,49,123 
549,16,346,15,35,88 
549,5,1175,15,30,75 
549,13,807,4,30,75 
549,15,427,3,30,75 
549,21,484,2,30,75 
550,18,1174,59,53,133 
550,11,1051,98,53,133 
550,19,316,32,40,100 
550,17,219,29,49,123 
550,20,182,21,49,123 
550,16,350,15,35,88 
550,5,1175,15,30,75 
550,13,795,4,30,75 
550,15,431,3,30,75 
550,21,484,2,30,75 
551,18,1174,59,53,133 
551,11,1051,98,53,133 
551,19,316,32,40,100 
551,17,223,25,49,123 
551,20,182,21,49,123 
551,16,350,15,35,88 
551,5,1175,15,30,75 
551,13,791,4,30,75 
551,15,431,3,30,75 
551,21,484,2,30,75 
552,18,1174,59,53,133 
552,11,1051,98,53,133 
552,19,316,32,40,100 
552,17,223,25,49,123 
552,20,182,21,49,123 
552,16,350,15,35,88 
552,5,1175,15,30,75 
552,13,791,4,30,75 
552,15,431,3,30,75 
552,21,484,2,30,75 
553,18,1178,63,53,133 
553,11,1051,98,53,133 
553,19,308,32,40,100 
553,17,227,21,49,123 
553,20,190,21,49,123 
553,16,350,15,35,88 
553,5,1175,15,30,75 
553,13,783,4,30,75 
553,15,435,3,30,75 
553,21,476,2,30,75 
554,18,1178,63,53,133 
554,11,1051,98,53,133 
554,19,308,32,40,100 
554,17,227,21,49,123 
554,20,190,21,49,123 
554,16,350,15,35,88 
554,5,1175,15,30,75 
554,13,783,4,30,75 
554,15,435,3,30,75 
554,21,476,2,30,75 
555,18,1178,63,53,133 
555,11,1051,98,53,133 
555,19,300,40,40,100 
555,17,231,17,49,123 
555,20,194,21,49,123 
555,16,358,15,35,88 
555,5,1175,15,30,75 
555,13,775,4,30,75 
555,15,439,3,30,75 
555,21,476,6,30,75 
556,18,1182,63,53,133 
556,11,1051,98,53,133 
556,19,292,40,40,100 
556,17,239,17,49,123 
556,20,198,21,49,123 
556,16,358,15,35,88 
556,5,1175,15,30,75 
556,13,767,4,30,75 
556,15,439,3,30,75 
556,21,472,6,30,75 
557,18,1184,57,59,148 
557,11,1051,98,53,133 
557,19,284,40,40,100 
557,17,239,17,49,123 
557,20,202,17,49,123 
557,16,366,15,35,88 
557,5,1175,15,30,75 
557,13,755,4,30,75 
557,15,443,3,30,75 
557,21,468,6,30,75 
558,18,1184,57,59,148 
558,11,1051,98,53,133 
558,19,284,40,40,100 
558,17,239,17,49,123 
558,20,202,17,49,123 
558,16,366,15,35,88 
558,5,1175,15,30,75 
558,13,755,4,30,75 
558,15,443,3,30,75 
558,21,468,6,30,75 
559,18,1192,61,59,148 
559,11,1051,98,53,133 
559,19,272,40,40,100 
559,17,243,17,49,123 
559,20,210,17,49,123 
559,16,370,11,35,88 
559,5,1175,15,30,75 
559,13,743,4,30,75 
559,15,443,3,30,75 
559,21,460,6,30,75 
560,18,1192,61,59,148 
560,11,1051,98,53,133 
560,19,272,40,40,100 
560,17,243,17,49,123 
560,20,210,17,49,123 
560,16,370,11,35,88 
560,5,1175,15,30,75 
560,13,743,4,30,75 
560,15,443,3,30,75 
560,21,460,6,30,75 
561,18,1192,61,59,148 
561,11,1051,98,53,133 
561,19,264,44,40,100 
561,17,243,17,49,123 
561,20,210,17,49,123 
561,16,370,11,35,88 
561,5,1175,15,30,75 
561,13,735,4,30,75 
561,15,451,3,30,75 
561,21,456,6,30,75 
562,18,1192,61,59,148 
562,11,1051,98,53,133 
562,19,264,44,40,100 
562,17,243,17,49,123 
562,20,210,17,49,123 
562,16,374,7,35,88 
562,5,1175,15,30,75 
562,13,723,4,30,75 
562,15,451,3,30,75 
562,21,456,6,30,75 
563,18,1196,69,59,148 
563,11,1051,98,53,133 
563,17,264,24,40,100 
563,19,243,17,49,123 
563,20,210,17,49,123 
563,16,374,11,35,88 
563,5,1175,15,30,75 
563,13,719,4,30,75 
563,21,456,6,30,75 
564,18,1196,69,59,148 
564,11,1051,98,53,133 
564,0,264,24,40,100 
564,19,243,17,49,123 
564,20,210,17,49,123 
564,16,374,11,35,88 
564,5,1175,15,30,75 
564,13,719,4,30,75 
564,21,456,6,30,75 
565,18,1196,69,59,148 
565,11,1051,98,53,133 
565,17,268,24,40,100 
565,19,237,43,43,108 
565,20,218,9,49,123 
565,16,382,7,35,88 
565,5,1171,15,30,75 
565,13,707,4,30,75 
565,21,456,6,30,75 
566,18,1196,69,59,148 
566,11,1051,98,53,133 
566,17,268,24,40,100 
566,19,237,43,43,108 
566,20,218,9,49,123 
566,16,382,7,35,88 
566,5,1171,15,30,75 
566,13,699,4,30,75 
566,21,446,4,36,90 
567,18,1204,73,59,148 
567,11,1051,98,53,133 
567,17,272,24,40,100 
567,19,213,43,43,108 
567,20,232,23,43,108 
567,16,386,7,35,88 
567,5,1171,15,30,75 
567,13,691,4,30,75 
567,21,442,4,36,90 
568,18,1204,73,59,148 
568,11,1051,98,53,133 
568,17,272,24,40,100 
568,19,213,43,43,108 
568,20,232,23,43,108 
568,16,386,7,35,88 
568,5,1171,15,30,75 
568,13,691,4,30,75 
568,21,442,4,36,90 
569,18,1208,77,59,148 
569,11,1051,98,53,133 
569,17,284,24,40,100 
569,19,197,47,43,108 
569,20,236,23,43,108 
569,16,394,7,35,88 
569,5,1171,15,30,75 
569,13,683,4,30,75 
569,21,438,4,36,90 
570,18,1208,77,59,148 
570,11,1051,98,53,133 
570,17,284,24,40,100 
570,19,197,47,43,108 
570,20,236,23,43,108 
570,16,394,7,35,88 
570,5,1171,15,30,75 
570,13,683,4,30,75 
570,21,438,4,36,90 
571,18,1216,77,59,148 
571,11,1051,98,53,133 
571,17,288,24,40,100 
571,19,189,47,43,108 
571,20,244,19,43,108 
571,16,394,3,35,88 
571,5,1171,15,30,75 
571,13,671,4,30,75 
571,21,434,8,36,90 
572,18,1216,77,59,148 
572,11,1051,98,53,133 
572,17,288,24,40,100 
572,19,181,47,43,108 
572,20,244,19,43,108 
572,16,394,3,35,88 
572,5,1171,15,30,75 
572,13,671,4,30,75 
572,21,434,8,36,90 
573,18,1224,81,59,148 
573,11,1051,98,53,133 
573,17,290,14,46,115 
573,19,169,47,43,108 
573,20,252,19,43,108 
573,16,398,7,35,88 
573,5,1171,15,30,75 
573,13,655,4,30,75 
573,21,434,8,36,90 
574,18,1224,81,59,148 
574,11,1051,98,53,133 
574,17,290,14,46,115 
574,19,169,47,43,108 
574,20,252,19,43,108 
574,16,398,7,35,88 
574,5,1171,15,30,75 
574,13,655,4,30,75 
574,21,434,8,36,90 
575,18,1224,81,59,148 
575,11,1051,98,53,133 
575,17,294,14,46,115 
575,19,157,51,43,108 
575,20,260,15,43,108 
575,16,406,3,35,88 
575,5,1171,15,30,75 
575,13,643,4,30,75 
575,21,430,8,36,90 
576,18,1236,81,59,148 
576,11,1051,98,53,133 
576,17,302,14,46,115 
576,19,149,51,43,108 
576,20,264,15,43,108 
576,16,406,3,35,88 
576,5,1171,15,30,75 
576,13,635,4,30,75 
576,21,426,8,36,90 
577,18,1236,81,59,148 
577,11,1051,98,53,133 
577,17,302,14,46,115 
577,19,149,51,43,108 
577,20,264,15,43,108 
577,16,406,3,35,88 
577,5,1171,15,30,75 
577,13,635,4,30,75 
577,21,426,8,36,90 
578,18,1244,89,59,148 
578,11,1051,98,53,133 
578,17,306,14,46,115 
578,19,135,45,49,123 
578,20,268,11,43,108 
578,16,412,9,29,73 
578,5,1171,15,30,75 
578,13,627,4,30,75 
578,21,426,8,36,90 
579,18,1244,89,59,148 
579,11,1051,98,53,133 
579,17,306,14,46,115 
579,19,135,45,49,123 
579,20,268,11,43,108 
579,16,412,9,29,73 
579,5,1171,15,30,75 
579,13,627,4,30,75 
579,21,426,8,36,90 
580,18,1256,89,59,148 
580,11,1047,98,53,133 
580,17,314,14,46,115 
580,19,119,49,49,123 
580,20,276,11,43,108 
580,16,416,5,29,73 
580,5,1171,15,30,75 
580,13,615,4,30,75 
580,21,422,12,36,90 
581,18,1260,89,59,148 
581,11,1047,98,53,133 
581,17,314,14,46,115 
581,19,111,53,49,123 
581,20,276,11,43,108 
581,16,416,5,29,73 
581,5,1171,15,30,75 
581,13,607,4,30,75 
581,21,422,12,36,90 
582,18,1260,97,59,148 
582,11,1047,98,53,133 
582,17,314,14,46,115 
582,19,103,53,49,123 
582,20,284,7,43,108 
582,16,424,5,29,73 
582,5,1171,15,30,75 
582,13,599,4,30,75 
582,21,422,12,36,90 
583,18,1260,97,59,148 
583,11,1039,98,53,133 
583,17,314,14,46,115 
583,19,95,53,49,123 
583,20,284,7,43,108 
583,16,424,5,29,73 
583,5,1171,15,30,75 
583,13,599,4,30,75 
583,21,422,12,36,90 
584,18,1260,97,59,148 
584,11,1035,98,53,133 
584,17,322,10,46,115 
584,19,87,57,49,123 
584,20,284,7,43,108 
584,16,428,5,29,73 
584,5,1171,15,30,75 
584,13,587,4,30,75 
584,21,414,12,36,90 
585,11,1035,98,53,133 
585,17,322,10,46,115 
585,19,75,57,49,123 
585,20,288,7,43,108 
585,16,428,5,29,73 
585,5,1171,15,30,75 
585,13,579,4,30,75 
585,21,414,16,36,90 
586,11,1025,92,59,148 
586,17,322,10,46,115 
586,19,63,61,49,123 
586,20,292,7,43,108 
586,16,432,5,29,73 
586,5,1171,15,30,75 
586,13,571,4,30,75 
586,21,410,12,36,90 
587,11,1025,92,59,148 
587,17,326,10,46,115 
587,19,59,61,49,123 
587,20,292,7,43,108 
587,16,432,5,29,73 
587,5,1171,15,30,75 
587,13,571,4,30,75 
587,21,410,12,36,90 
588,11,1013,96,59,148 
588,17,334,10,46,115 
588,19,47,61,49,123 
588,20,300,7,43,108 
588,16,432,5,29,73 
588,5,1171,15,30,75 
588,13,563,4,30,75 
588,21,410,16,36,90 
589,11,1009,96,59,148 
589,17,334,10,46,115 
589,19,39,61,49,123 
589,20,300,7,43,108 
589,16,436,5,29,73 
589,5,1171,15,30,75 
589,13,563,4,30,75 
589,21,410,16,36,90 
590,11,1001,96,59,148 
590,17,338,10,46,115 
590,19,31,61,49,123 
590,20,308,7,43,108 
590,16,436,5,29,73 
590,5,1171,15,30,75 
590,13,555,4,30,75 
590,21,402,16,36,90 
591,11,993,96,59,148 
591,17,340,12,40,100 
591,19,15,69,49,123 
591,20,308,7,43,108 
591,16,440,1,29,73 
591,5,1171,15,30,75 
591,13,551,4,30,75 
591,21,402,16,36,90 
592,11,993,96,59,148 
592,17,344,12,40,100 
592,19,3,69,49,123 
592,20,308,7,43,108 
592,16,444,5,29,73 
592,5,1171,15,30,75 
592,13,547,4,30,75 
592,21,402,16,36,90 
593,11,985,96,59,148 
593,17,344,12,40,100 
593,19,3,69,49,123 
593,20,308,7,43,108 
593,16,444,5,29,73 
593,5,1171,15,30,75 
593,13,543,4,30,75 
593,21,398,16,36,90 
594,11,981,96,59,148 
594,17,348,8,40,100 
594,20,312,7,43,108 
594,16,444,5,29,73 
594,5,1171,15,30,75 
594,13,539,4,30,75 
594,21,394,20,36,90 
595,11,973,96,59,148 
595,17,348,8,40,100 
595,20,312,7,43,108 
595,16,444,5,29,73 
595,5,1171,15,30,75 
595,13,539,4,30,75 
595,21,394,20,36,90 
596,11,961,92,59,148 
596,17,348,8,40,100 
596,20,312,7,43,108 
596,16,444,5,29,73 
596,5,1171,15,30,75 
596,13,527,4,30,75 
596,21,394,20,36,90 
597,11,953,92,59,148 
597,17,360,8,40,100 
597,20,320,3,43,108 
597,16,456,1,29,73 
597,5,1171,15,30,75 
597,13,523,4,30,75 
597,21,382,20,36,90 
598,11,941,88,59,148 
598,17,368,8,40,100 
598,20,332,3,43,108 
598,16,468,1,29,73 
598,5,1171,15,30,75 
598,13,519,4,30,75 
598,21,372,18,42,105 
599,11,933,88,59,148 
599,17,368,8,40,100 
599,20,332,3,43,108 
599,16,468,1,29,73 
599,5,1171,15,30,75 
599,13,519,4,30,75 
599,21,372,18,42,105 
600,11,933,88,59,148 
600,17,368,8,40,100 
600,20,332,3,43,108 
600,16,468,1,29,73 
600,5,1171,15,30,75 
600,13,519,4,30,75 
600,21,372,18,42,105 
601,11,921,88,59,148 
601,17,376,4,40,100 
601,20,338,5,37,93 
601,16,480,1,29,73 
601,5,1171,15,30,75 
601,13,507,4,30,75 
601,21,364,18,42,105 
602,11,921,88,59,148 
602,17,376,4,40,100 
602,20,338,5,37,93 
602,16,480,1,29,73 
602,5,1171,15,30,75 
602,13,507,4,30,75 
602,21,364,18,42,105 
603,11,905,88,59,148 
603,17,376,4,40,100 
603,20,342,5,37,93 
603,16,484,1,29,73 
603,5,1171,15,30,75 
603,13,503,4,30,75 
603,21,356,18,42,105 
604,11,897,88,59,148 
604,17,384,4,40,100 
604,20,346,5,37,93 
604,16,492,1,29,73 
604,5,1171,15,30,75 
604,13,495,4,30,75 
604,21,348,18,42,105 
605,11,885,88,59,148 
605,17,384,4,40,100 
605,20,346,5,37,93 
605,16,492,1,29,73 
605,5,1171,15,30,75 
605,13,495,4,30,75 
605,21,348,18,42,105 
606,11,877,84,59,148 
606,17,384,4,40,100 
606,20,354,5,37,93 
606,16,496,1,29,73 
606,5,1171,15,30,75 
606,13,495,4,30,75 
606,21,344,18,42,105 
607,11,869,84,59,148 
607,17,384,4,40,100 
607,20,354,5,37,93 
607,16,496,1,29,73 
607,5,1171,15,30,75 
607,13,495,4,30,75 
607,21,344,18,42,105 
608,11,861,84,59,148 
608,17,396,4,40,100 
608,20,362,1,37,93 
608,16,504,1,29,73 
608,5,1171,15,30,75 
608,13,483,4,30,75 
608,21,336,18,42,105 
609,11,849,84,59,148 
609,17,396,4,40,100 
609,20,362,1,37,93 
609,5,1171,15,30,75 
609,21,328,22,42,105 
610,11,841,80,59,148 
610,17,400,4,40,100 
610,20,366,1,37,93 
610,5,1171,15,30,75 
610,21,328,22,42,105 
611,11,837,80,59,148 
611,17,400,4,40,100 
611,20,366,1,37,93 
611,5,1171,15,30,75 
611,21,328,22,42,105 
612,11,825,80,59,148 
612,17,404,4,40,100 
612,20,370,1,37,93 
612,5,1171,15,30,75 
612,21,320,22,42,105 
613,11,821,80,59,148 
613,17,406,6,34,85 
613,20,370,1,37,93 
613,5,1171,15,30,75 
613,21,316,22,42,105 
614,11,809,80,59,148 
614,17,406,6,34,85 
614,20,370,1,37,93 
614,5,1171,15,30,75 
614,21,316,22,42,105 
615,11,805,80,59,148 
615,17,406,6,34,85 
615,20,370,1,37,93 
615,5,1171,15,30,75 
615,21,316,22,42,105 
616,11,789,80,59,148 
616,17,418,6,34,85 
616,20,382,1,37,93 
616,5,1171,15,30,75 
616,21,308,26,42,105 
617,11,781,80,59,148 
617,17,418,6,34,85 
617,20,382,1,37,93 
617,5,1171,15,30,75 
617,21,308,26,42,105 
618,11,773,80,59,148 
618,17,422,6,34,85 
618,20,386,1,37,93 
618,5,1171,15,30,75 
618,21,300,26,42,105 
619,11,765,80,59,148 
619,17,422,6,34,85 
619,20,386,1,37,93 
619,5,1171,15,30,75 
619,21,300,26,42,105 
620,11,757,80,59,148 
620,17,426,6,34,85 
620,20,390,1,37,93 
620,5,1171,15,30,75 
620,21,292,30,42,105 
621,11,745,80,59,148 
621,17,426,2,34,85 
621,20,394,1,37,93 
621,5,1171,15,30,75 
621,21,292,30,42,105 
622,11,737,80,59,148 
622,17,426,2,34,85 
622,20,398,1,37,93 
622,5,1171,15,30,75 
622,21,284,30,42,105 
623,11,729,80,59,148 
623,17,434,2,34,85 
623,20,398,1,37,93 
623,5,1171,15,30,75 
623,21,284,30,42,105 
624,11,717,80,59,148 
624,17,434,2,34,85 
624,20,398,1,37,93 
624,5,1171,15,30,75 
624,21,284,30,42,105 
625,11,713,80,59,148 
625,17,434,2,34,85 
625,20,406,1,37,93 
625,5,1171,15,30,75 
625,21,272,30,42,105 
626,11,701,80,59,148 
626,17,434,2,34,85 
626,20,406,1,37,93 
626,5,1171,15,30,75 
626,21,272,30,42,105 
627,11,689,76,59,148 
627,17,446,2,34,85 
627,20,414,1,37,93 
627,5,1171,15,30,75 
627,21,264,34,42,105 
628,11,685,76,59,148 
628,17,446,2,34,85 
628,20,414,1,37,93 
628,5,1171,15,30,75 
628,21,264,34,42,105 
629,11,669,76,59,148 
629,17,454,2,34,85 
629,20,422,1,37,93 
629,5,1171,15,30,75 
629,21,256,34,42,105 
630,11,657,76,59,148 
630,17,454,2,34,85 
630,5,1165,13,36,90 
630,21,248,38,42,105 
631,11,649,76,59,148 
631,17,458,2,34,85 
631,5,1165,13,36,90 
631,21,248,38,42,105 
632,11,641,76,59,148 
632,17,458,2,34,85 
632,5,1165,13,36,90 
632,21,248,38,42,105 
633,11,629,76,59,148 
633,17,462,2,34,85 
633,5,1165,13,36,90 
633,21,236,42,42,105 
634,11,621,76,59,148 
634,17,466,2,34,85 
634,5,1165,13,36,90 
634,21,232,46,42,105 
635,11,613,76,59,148 
635,17,470,2,34,85 
635,5,1165,13,36,90 
635,21,224,50,42,105 
636,11,605,76,59,148 
636,5,1165,13,36,90 
636,21,220,50,42,105 
637,11,597,76,59,148 
637,5,1165,13,36,90 
637,21,220,50,42,105 
638,11,589,76,59,148 
638,5,1165,13,36,90 
638,21,212,46,42,105 
639,11,581,76,59,148 
639,5,1165,13,36,90 
639,21,204,42,42,105 
640,11,573,76,59,148 
640,5,1165,13,36,90 
640,21,204,42,42,105 
641,11,565,76,59,148 
641,5,1165,13,36,90 
641,21,196,42,42,105 
642,11,549,74,64,160 
642,5,1158,5,38,97 
642,21,191,48,38,96 
643,11,547,75,64,160 
643,5,1161,11,32,80 
643,21,184,45,44,110 
644,11,535,74,64,160 
644,5,1160,4,38,97 
644,21,181,41,50,125 
645,11,525,75,64,160 
645,5,1161,4,38,97 
645,21,179,52,38,96 
646,11,506,76,64,160 
646,5,1161,6,39,98 
646,21,163,44,50,125 
647,11,498,76,64,160 
647,169,1161,6,39,98 
647,21,163,44,50,125 
648,11,494,76,64,160 
648,169,1161,6,39,98 
648,21,159,44,50,125 
649,11,486,76,64,160 
649,169,1161,6,39,98 
649,21,155,44,50,125 
650,11,478,76,64,160 
650,169,1161,6,39,98 
650,21,147,44,50,125 
651,11,470,76,64,160 
651,169,1161,6,39,98 
651,21,147,44,50,125 
652,11,462,76,64,160 
652,169,1161,6,39,98 
652,21,139,44,50,125 
653,11,454,76,64,160 
653,169,1161,6,39,98 
653,21,135,44,50,125 
654,11,446,76,64,160 
654,169,1161,6,39,98 
654,21,131,44,50,125 
655,11,434,76,64,160 
655,5,1161,6,39,98 
655,21,123,44,50,125 
656,11,434,76,64,160 
656,5,1161,6,39,98 
656,21,123,44,50,125 
657,11,426,76,64,160 
657,5,1159,12,33,83 
657,21,115,48,50,125 
658,11,414,76,64,160 
658,5,1159,12,33,83 
658,21,107,48,50,125 
659,11,414,76,64,160 
659,5,1159,12,33,83 
659,21,107,48,50,125 
660,11,398,76,64,160 
660,5,1159,12,33,83 
660,21,95,52,50,125 
661,11,390,76,64,160 
661,5,1159,12,33,83 
661,21,95,52,50,125 
662,11,382,76,64,160 
662,5,1159,12,33,83 
662,21,83,52,50,125 
663,11,374,76,64,160 
663,5,1159,12,33,83 
663,21,83,52,50,125 
664,11,366,76,64,160 
664,5,1159,12,33,83 
664,21,75,52,50,125 
665,11,358,76,64,160 
665,5,1159,12,33,83 
665,21,67,52,50,125 
666,11,358,76,64,160 
666,5,1159,12,33,83 
666,21,59,56,50,125 
667,11,346,78,64,160 
667,21,55,56,50,125 
667,5,1160,12,32,80 
667,22,1,99,66,165 
668,11,342,78,64,160 
668,21,55,56,50,125 
668,5,1160,12,32,80 
668,22,1,99,66,165 
669,11,326,73,70,175 
669,21,42,63,50,125 
669,22,8,99,67,167 
669,5,1155,2,40,100 
670,11,320,74,70,175 
670,21,39,62,56,140 
670,22,16,99,67,167 
670,5,1157,8,34,85 
671,11,311,74,70,175 
671,21,35,65,50,125 
671,22,36,95,67,167 
671,5,1159,7,34,85 
672,11,307,74,70,175 
672,21,35,65,50,125 
672,22,44,95,67,167 
672,5,1159,7,34,85 
673,11,307,74,70,175 
673,21,27,65,50,125 
673,22,56,91,67,167 
673,5,1159,7,34,85 
674,11,287,74,70,175 
674,21,11,69,50,125 
674,22,84,91,67,167 
674,5,1159,7,34,85 
675,11,281,74,69,174 
675,21,6,63,54,135 
675,22,92,93,68,170 
675,5,1161,7,32,80 
676,11,273,74,69,174 
676,21,6,63,54,135 
676,22,112,81,68,170 
676,5,1161,7,32,80 
677,11,265,74,69,174 
677,22,128,81,68,170 
677,5,1161,7,32,80 
678,11,257,74,69,174 
678,22,136,81,68,170 
678,5,1161,7,32,80 
679,11,245,72,69,174 
679,22,146,89,69,173 
679,5,1157,1,38,96 
680,11,240,71,69,174 
680,22,155,87,69,173 
680,5,1154,1,38,97 
681,11,232,75,69,174 
681,22,185,84,69,173 
681,5,1154,2,38,97 
682,11,225,76,69,174 
682,22,192,82,69,174 
682,5,1154,1,38,97 
683,11,220,79,69,174 
683,22,207,85,69,174 
683,5,1155,3,38,97 
684,11,214,81,69,174 
684,22,215,83,69,174 
684,5,1155,4,38,97 
685,11,207,84,69,174 
685,5,1153,1,38,97 
685,22,224,79,71,179 
686,11,197,79,69,174 
686,5,1155,2,38,97 
686,22,248,79,71,179 
687,5,1155,2,38,97 
687,22,262,80,71,179 
687,11,194,73,68,170 
688,5,1154,2,38,97 
688,22,277,79,71,178 
688,11,183,73,68,171 
689,5,1154,2,38,97 
689,22,293,79,71,178 
689,11,183,73,68,171 
690,22,300,80,71,178 
690,11,173,74,69,172 
690,5,1156,1,38,96 
691,22,311,78,71,178 
691,11,164,77,69,172 
691,5,1156,1,38,96 
692,22,324,78,71,178 
692,11,159,78,69,172 
692,5,1156,2,38,96 
693,22,348,77,71,178 
693,11,150,75,69,172 
693,5,1155,1,38,96 
694,22,358,79,71,178 
694,11,144,76,69,172 
694,5,1155,1,38,96 
695,22,367,79,71,178 
695,11,140,76,69,172 
695,5,1155,1,38,96 
696,22,375,78,71,178 
696,11,135,73,69,172 
696,5,1155,1,38,96 
697,22,394,77,71,178 
697,11,122,74,69,173 
697,5,1155,1,38,96 
698,22,411,75,71,178 
698,11,117,74,69,173 
698,5,1155,1,38,96 
699,22,426,73,71,178 
699,11,113,75,69,173 
699,5,1155,1,38,96 
700,22,444,76,71,178 
700,11,108,77,69,173 
700,5,1152,5,38,97 
701,22,460,76,71,178 
701,11,100,77,69,173 
701,5,1152,5,38,97 
702,22,468,76,71,178 
702,11,100,77,69,173 
702,5,1152,5,38,97 
703,22,486,72,71,179 
703,11,88,80,69,173 
703,5,1159,1,38,96 
704,22,496,71,71,178 
704,11,84,86,69,173 
704,5,1159,1,38,96 
705,22,500,71,71,178 
705,11,84,86,69,173 
705,5,1159,1,38,96 
706,22,521,68,71,178 
706,11,67,83,69,174 
706,5,1159,1,38,96 
706,0,1159,1,38,96 
707,22,540,69,71,178 
707,11,58,83,69,174 
707,5,1159,1,38,96 
708,22,561,71,71,178 
708,11,51,82,69,174 
708,5,1157,11,32,80 
709,22,579,72,71,178 
709,11,44,84,70,174 
709,5,1157,11,32,80 
710,22,594,69,71,178 
710,11,41,83,70,174 
710,5,1157,11,32,80 
711,22,616,72,71,178 
711,11,26,82,69,174 
711,5,1157,11,32,80 
712,22,632,74,71,178 
712,11,22,82,70,174 
712,5,1157,11,32,80 
713,22,644,72,71,179 
713,11,18,83,70,174 
713,5,1157,11,32,80 
714,22,653,71,71,179 
714,11,13,83,70,174 
714,5,1157,11,32,80 
715,22,673,71,71,179 
715,11,7,89,64,160 
715,5,1157,11,32,80 
716,22,687,66,71,179 
716,11,1,77,68,171 
716,5,1157,11,32,80 
717,22,698,67,71,179 
717,11,1,78,67,169 
717,5,1157,11,32,80 
718,22,707,69,71,179 
718,5,1157,11,32,80 
719,22,724,69,71,179 
719,5,1161,11,32,80 
720,22,737,72,71,179 
720,5,1157,11,32,80 
721,22,745,73,71,179 
721,5,1157,11,32,80 
722,22,758,71,71,179 
722,5,1165,11,32,80 
723,22,772,69,71,179 
723,5,1165,11,32,80 
724,22,781,67,71,179 
724,5,1165,11,32,80 
725,22,796,67,71,178 
725,5,1165,11,32,80 
726,22,805,66,71,178 
726,5,1165,11,32,80 
727,22,814,68,71,178 
727,5,1165,11,32,80 
728,22,824,70,71,178 
728,5,1165,11,32,80 
729,22,838,71,71,178 
729,5,1165,11,32,80 
730,22,847,73,71,178 
730,5,1165,11,32,80 
731,22,859,71,71,177 
731,5,1165,11,32,80 
732,22,868,74,70,176 
732,5,1165,11,32,80 
733,22,880,73,71,177 
733,5,1165,11,32,80 
734,22,893,71,71,177 
734,5,1165,11,32,80 
735,22,909,68,71,177 
735,5,1165,11,32,80 
736,22,917,68,71,177 
736,5,1165,11,32,80 
737,22,925,70,71,177 
737,5,1165,11,32,80 
738,22,932,70,71,177 
738,5,1165,11,32,80 
739,22,941,73,71,177 
739,5,1165,11,32,80 
740,22,947,73,71,177 
740,5,1165,11,32,80 
741,22,959,74,70,177 
741,5,1165,11,32,80 
742,22,969,73,70,176 
742,5,1165,11,32,80 
743,22,983,72,70,176 
743,5,1165,11,32,80 
744,22,996,70,70,177 
744,5,1165,11,32,80 
745,22,1006,71,70,177 
745,5,1165,11,32,80 
746,22,1014,68,70,176 
746,5,1165,11,32,80 
747,22,1022,66,70,176 
747,5,1165,11,32,80 
748,22,1032,69,70,175 
748,5,1165,11,32,80 
749,22,1037,68,70,175 
749,5,1165,11,32,80 
750,22,1046,67,70,175 
750,5,1165,11,32,80 
751,22,1054,66,70,174 
751,5,1165,11,32,80 
752,22,1059,66,69,174 
752,5,1165,11,32,80 
753,22,1063,66,69,174 
753,5,1165,11,32,80 
754,22,1075,72,63,158 
754,5,1165,11,32,80 
755,22,1080,70,63,158 
755,5,1165,11,32,80 
756,22,1088,68,63,158 
756,5,1165,11,32,80 
757,22,1096,68,63,158 
757,5,1165,11,32,80 
758,22,1106,70,63,158 
758,5,1165,11,32,80 
759,22,1106,67,63,158 
759,5,1165,11,32,80 
760,22,1108,66,63,158 
760,5,1165,11,32,80 
761,22,1115,66,62,155 
761,5,1165,11,32,80 
762,22,1121,69,62,155 
762,5,1165,11,32,80 
763,22,1125,70,61,153 
763,5,1165,11,32,80 
764,22,1133,67,61,153 
764,5,1165,11,32,80 
765,22,1135,65,61,153 
765,5,1165,11,32,80 
766,22,1140,71,55,138 
766,5,1165,11,32,80 
767,22,1143,73,55,138 
767,5,1165,11,32,80 
768,22,1145,72,55,138 
768,5,1165,11,32,80 
769,22,1149,72,54,135 
769,5,1165,11,32,80 
770,22,1151,68,54,135 
770,5,1165,11,32,80 
771,22,1155,67,54,135 
771,23,1,47,66,165 
771,5,1165,11,32,80 
772,22,1158,69,53,133 
772,23,1,48,65,164 
772,5,1165,11,32,80 
773,22,1160,68,53,133 
773,23,7,48,65,163 
773,5,1165,11,32,80 
774,22,1163,65,53,133 
774,23,17,47,65,164 
774,5,1165,11,32,80 
775,22,1167,63,59,148 
775,23,29,52,59,148 
775,5,1165,11,32,80 
776,22,1173,65,53,133 
776,23,37,52,59,148 
776,5,1165,11,32,80 
777,22,1173,65,53,133 
777,23,45,52,59,148 
777,5,1165,11,32,80 
778,22,1173,65,53,133 
778,23,45,52,59,148 
778,5,1165,11,32,80 
779,22,1173,65,53,133 
779,23,53,52,59,148 
779,5,1165,11,32,80 
780,22,1173,65,53,133 
780,23,53,52,59,148 
780,5,1165,11,32,80 
781,22,1173,57,53,133 
781,23,61,52,59,148 
781,5,1165,11,32,80 
782,22,1173,57,53,133 
782,23,61,52,59,148 
782,5,1165,11,32,80 
783,22,1177,57,53,133 
783,23,69,52,59,148 
783,5,1165,11,32,80 
784,22,1177,57,53,133 
784,23,69,52,59,148 
784,5,1165,11,32,80 
785,22,1177,57,53,133 
785,23,77,52,59,148 
785,5,1165,11,32,80 
786,22,1181,53,53,133 
786,23,77,52,59,148 
786,5,1165,11,32,80 
787,22,1181,53,53,133 
787,23,85,48,59,148 
787,5,1165,11,32,80 
788,22,1181,53,53,133 
788,23,85,48,59,148 
788,5,1165,11,32,80 
789,22,1181,53,53,133 
789,23,89,44,59,148 
789,5,1165,11,32,80 
790,22,1181,53,53,133 
790,23,89,44,59,148 
790,5,1165,11,32,80 
791,22,1181,53,53,133 
791,23,89,44,59,148 
791,5,1165,11,32,80 
792,22,1187,59,47,118 
792,23,89,44,59,148 
792,5,1165,11,32,80 
793,22,1187,59,47,118 
793,23,97,36,59,148 
793,5,1165,11,32,80 
794,22,1187,55,47,118 
794,23,97,36,59,148 
794,5,1165,11,32,80 
795,22,1191,51,47,118 
795,23,101,36,59,148 
795,5,1165,11,32,80 
796,22,1191,51,47,118 
796,23,101,36,59,148 
796,5,1165,11,32,80 
797,22,1191,51,47,118 
797,23,109,36,59,148 
797,5,1165,11,32,80 
798,22,1191,51,47,118 
798,23,109,36,59,148 
798,5,1165,11,32,80 
799,22,1191,51,47,118 
799,23,117,36,59,148 
799,5,1161,7,32,80 
800,22,1191,51,47,118 
800,23,117,36,59,148 
800,5,1161,7,32,80 
801,22,1183,47,47,118 
801,23,117,36,59,148 
801,5,1161,7,32,80 
802,22,1183,47,47,118 
802,23,125,36,59,148 
802,5,1161,7,32,80 
803,22,1183,47,47,118 
803,23,125,36,59,148 
803,5,1161,7,32,80 
804,22,1183,47,47,118 
804,23,125,36,59,148 
804,5,1161,7,32,80 
805,22,1183,47,47,118 
805,23,133,32,59,148 
805,5,1161,7,32,80 
806,22,1183,47,47,118 
806,23,133,32,59,148 
806,5,1161,7,32,80 
807,22,1183,47,47,118 
807,23,137,32,59,148 
807,5,1165,7,32,80 
808,22,1183,47,47,118 
808,23,137,32,59,148 
808,5,1165,7,32,80 
809,22,1183,47,47,118 
809,23,151,34,53,133 
809,5,1165,7,32,80 
810,22,1183,47,47,118 
810,23,151,34,53,133 
810,5,1165,7,32,80 
811,22,1179,39,47,118 
811,23,159,30,53,133 
811,5,1165,7,32,80 
812,22,1179,39,47,118 
812,23,163,30,53,133 
812,5,1165,7,32,80 
813,22,1179,39,47,118 
813,23,163,30,53,133 
813,5,1165,7,32,80 
814,22,1175,39,47,118 
814,23,171,30,53,133 
814,5,1165,7,32,80 
815,22,1175,39,47,118 
815,23,175,30,53,133 
815,5,1165,7,32,80 
816,22,1175,39,47,118 
816,23,175,30,53,133 
816,5,1165,7,32,80 
817,22,1175,39,47,118 
817,23,179,30,53,133 
817,5,1165,7,32,80 
818,22,1175,39,47,118 
818,23,179,30,53,133 
818,5,1165,7,32,80 
819,22,1175,39,47,118 
819,23,191,30,53,133 
819,5,1165,7,32,80 
820,22,1167,39,47,118 
820,23,191,30,53,133 
820,5,1165,7,32,80 
821,22,1167,39,47,118 
821,23,199,30,53,133 
821,5,1165,7,32,80 
822,22,1167,39,47,118 
822,23,199,30,53,133 
822,5,1165,7,32,80 
823,22,1167,39,47,118 
823,23,199,30,53,133 
823,5,1165,7,32,80 
824,22,1167,39,47,118 
824,23,203,30,53,133 
824,5,1165,7,32,80 
825,22,1167,39,47,118 
825,23,207,30,53,133 
825,5,1165,7,32,80 
826,22,1167,39,47,118 
826,23,211,30,53,133 
826,5,1165,7,32,80 
827,22,1167,39,47,118 
827,23,211,30,53,133 
827,5,1165,7,32,80 
828,22,1171,35,47,118 
828,23,219,30,53,133 
828,5,1165,7,32,80 
829,22,1171,35,47,118 
829,23,219,30,53,133 
829,5,1165,7,32,80 
830,22,1171,31,47,118 
830,23,223,22,53,133 
830,5,1169,7,32,80 
830,24,1195,93,66,165 
831,22,1169,33,41,103 
831,23,227,22,53,133 
831,5,1169,7,32,80 
831,24,1195,93,66,165 
832,22,1173,33,41,103 
832,23,227,22,53,133 
832,5,1169,7,32,80 
832,24,1191,93,66,165 
833,22,1173,33,41,103 
833,23,227,14,53,133 
833,5,1169,7,32,80 
833,24,1191,93,66,165 
834,22,1173,33,41,103 
834,23,227,14,53,133 
834,5,1169,7,32,80 
834,24,1191,93,66,165 
835,22,1173,33,41,103 
835,23,231,14,53,133 
835,5,1169,7,32,80 
835,24,1179,93,66,165 
836,22,1173,33,41,103 
836,23,231,14,53,133 
836,5,1169,7,32,80 
836,24,1179,93,66,165 
837,22,1169,29,41,103 
837,23,239,14,53,133 
837,5,1169,7,32,80 
837,24,1171,93,66,165 
838,22,1169,29,41,103 
838,23,239,14,53,133 
838,5,1169,7,32,80 
838,24,1171,93,66,165 
839,22,1169,29,41,103 
839,23,243,14,53,133 
839,5,1169,7,32,80 
839,24,1167,93,66,165 
840,22,1169,29,41,103 
840,23,251,14,53,133 
840,5,1169,7,32,80 
840,24,1167,93,66,165 
841,22,1169,29,41,103 
841,23,257,20,47,118 
841,5,1169,7,32,80 
841,24,1167,93,66,165 
842,22,1169,29,41,103 
842,23,265,20,47,118 
842,5,1169,7,32,80 
842,24,1159,93,66,165 
843,22,1169,29,41,103 
843,23,265,20,47,118 
843,5,1169,7,32,80 
843,24,1159,93,66,165 
844,22,1169,29,41,103 
844,23,265,20,47,118 
844,5,1169,7,32,80 
844,24,1159,93,66,165 
845,22,1169,25,41,103 
845,23,273,20,47,118 
845,5,1169,7,32,80 
845,24,1159,93,66,165 
846,22,1169,25,41,103 
846,23,273,20,47,118 
846,5,1169,7,32,80 
846,24,1159,93,66,165 
847,22,1169,25,41,103 
847,23,273,20,47,118 
847,5,1169,7,32,80 
847,24,1159,93,66,165 
848,22,1169,25,41,103 
848,23,273,20,47,118 
848,5,1169,7,32,80 
848,24,1159,93,66,165 
849,22,1169,25,41,103 
849,23,281,16,47,118 
849,5,1169,7,32,80 
849,24,1151,93,66,165 
850,22,1169,25,41,103 
850,23,281,16,47,118 
850,5,1169,7,32,80 
850,24,1151,93,66,165 
851,22,1169,25,41,103 
851,23,289,16,47,118 
851,5,1169,7,32,80 
851,24,1151,93,66,165 
852,22,1169,25,41,103 
852,23,289,16,47,118 
852,5,1169,7,32,80 
852,24,1151,93,66,165 
853,22,1169,25,41,103 
853,23,289,16,47,118 
853,5,1169,7,32,80 
853,24,1151,93,66,165 
854,22,1169,25,41,103 
854,23,297,16,47,118 
854,5,1169,7,32,80 
854,24,1143,93,66,165 
855,22,1169,25,41,103 
855,23,297,16,47,118 
855,5,1169,7,32,80 
855,24,1143,93,66,165 
856,22,1169,25,41,103 
856,23,305,16,47,118 
856,5,1169,7,32,80 
856,24,1135,93,66,165 
857,22,1169,25,41,103 
857,23,305,16,47,118 
857,5,1169,7,32,80 
857,24,1135,93,66,165 
858,22,1169,25,41,103 
858,23,305,16,47,118 
858,5,1169,7,32,80 
858,24,1135,93,66,165 
859,22,1169,25,41,103 
859,23,313,16,47,118 
859,5,1169,7,32,80 
859,24,1123,93,66,165 
860,22,1169,25,41,103 
860,23,313,16,47,118 
860,5,1169,7,32,80 
860,24,1123,93,66,165 
861,22,1169,25,41,103 
861,23,321,12,47,118 
861,5,1169,7,32,80 
861,24,1119,97,66,165 
862,22,1169,25,41,103 
862,23,325,12,47,118 
862,5,1169,7,32,80 
862,24,1111,97,66,165 
863,22,1165,17,41,103 
863,23,325,12,47,118 
863,5,1169,7,32,80 
863,24,1111,97,66,165 
864,22,1165,17,41,103 
864,23,329,12,47,118 
864,5,1169,7,32,80 
864,24,1099,97,66,165 
865,23,327,3,53,132 
865,22,1164,23,36,90 
865,24,1089,99,70,175 
865,25,1126,36,39,98 
865,5,1165,11,32,80 
866,23,333,4,52,131 
866,22,1162,22,36,90 
866,24,1082,102,70,174 
866,25,1126,38,39,98 
866,5,1165,11,32,80 
867,23,332,2,52,130 
867,22,1161,22,36,90 
867,24,1076,95,70,174 
867,25,1127,39,39,98 
867,5,1165,11,32,80 
868,23,336,2,52,130 
868,22,1160,23,35,88 
868,24,1064,97,70,174 
868,25,1125,38,39,98 
868,5,1165,11,32,80 
869,23,341,3,52,129 
869,22,1156,22,35,88 
869,24,1057,103,70,174 
869,25,1128,37,39,98 
869,5,1165,11,32,80 
870,23,343,3,52,129 
870,22,1155,22,35,88 
870,24,1052,101,70,176 
870,25,1128,41,39,98 
870,5,1165,11,32,80 
871,23,349,6,52,129 
871,22,1156,21,35,88 
871,24,1043,100,70,176 
871,25,1128,41,39,98 
871,5,1165,11,32,80 
872,23,351,4,52,130 
872,22,1156,20,35,88 
872,24,1040,100,70,176 
872,25,1129,42,40,100 
872,5,1165,11,32,80 
873,23,352,5,52,130 
873,24,1027,94,70,176 
873,25,1131,43,40,100 
873,5,1165,11,32,80 
873,22,1152,18,36,90 
874,23,362,7,46,115 
874,24,1027,94,70,176 
874,25,1131,43,40,100 
874,5,1165,11,32,80 
874,22,1152,18,36,90 
875,23,362,7,46,115 
875,24,1019,94,70,176 
875,25,1131,43,40,100 
875,5,1165,11,32,80 
875,22,1152,18,36,90 
876,23,370,7,46,115 
876,24,1011,94,70,176 
876,25,1131,43,40,100 
876,5,1165,11,32,80 
876,22,1152,18,36,90 
877,23,369,4,52,131 
877,24,1003,95,69,173 
877,25,1131,44,40,101 
877,5,1165,11,32,80 
877,22,1152,18,36,90 
878,23,369,4,52,131 
878,24,1003,95,69,173 
878,25,1131,44,40,101 
878,5,1165,11,32,80 
878,22,1152,18,36,90 
879,23,377,4,40,100 
879,24,991,95,69,173 
879,25,1139,40,40,101 
879,5,1165,11,32,80 
879,22,1152,18,36,90 
880,24,981,95,69,172 
880,25,1136,43,42,105 
880,5,1165,11,32,80 
880,23,379,8,36,90 
880,22,1152,18,36,90 
881,24,981,95,69,172 
881,25,1136,43,42,105 
881,5,1165,11,32,80 
881,23,391,12,36,90 
881,22,1152,18,36,90 
882,24,969,91,69,172 
882,25,1144,39,42,105 
882,5,1165,11,32,80 
882,23,391,8,36,90 
882,22,1152,18,36,90 
883,24,957,91,69,172 
883,25,1144,39,42,105 
883,5,1165,11,32,80 
883,23,399,8,36,90 
883,22,1152,18,36,90 
884,24,957,91,69,172 
884,25,1144,39,42,105 
884,5,1165,11,32,80 
884,23,399,8,36,90 
884,22,1152,18,36,90 
885,24,941,91,69,172 
885,25,1144,39,42,105 
885,5,1165,11,32,80 
885,23,399,8,36,90 
885,22,1152,18,36,90 
886,24,933,91,69,172 
886,25,1144,39,42,105 
886,5,1165,11,32,80 
886,23,399,8,36,90 
886,22,1152,18,36,90 
887,24,925,91,69,172 
887,25,1152,43,42,105 
887,5,1165,11,32,80 
887,23,407,8,36,90 
888,24,917,91,69,172 
888,25,1152,43,42,105 
888,5,1165,11,32,80 
888,23,407,8,36,90 
889,24,909,91,69,172 
889,25,1152,43,42,105 
889,5,1165,11,32,80 
889,23,407,8,36,90 
890,24,893,91,69,172 
890,25,1152,43,42,105 
890,5,1165,11,32,80 
890,23,411,4,36,90 
891,24,881,87,69,172 
891,25,1152,43,42,105 
891,5,1165,11,32,80 
891,23,411,4,36,90 
892,24,881,87,69,172 
892,25,1152,43,42,105 
892,5,1165,11,32,80 
892,23,419,8,36,90 
893,24,861,87,69,172 
893,25,1152,43,42,105 
893,5,1165,11,32,80 
893,23,419,8,36,90 
894,24,849,87,69,172 
894,25,1152,43,42,105 
894,5,1165,11,32,80 
894,23,427,4,36,90 
895,24,841,87,69,172 
895,25,1152,43,42,105 
895,5,1165,11,32,80 
895,23,427,4,36,90 
896,24,829,87,69,172 
896,25,1156,47,42,105 
896,5,1165,11,32,80 
896,23,427,4,36,90 
897,24,813,87,69,172 
897,25,1156,47,42,105 
897,5,1165,11,32,80 
897,23,435,4,36,90 
898,24,801,87,69,172 
898,25,1156,47,42,105 
898,5,1165,11,32,80 
898,23,435,4,36,90 
899,25,1156,51,43,108 
899,24,789,80,69,172 
899,5,1165,11,32,80 
900,25,1155,51,43,108 
900,24,778,78,69,172 
900,5,1165,11,32,80 
901,25,1153,48,43,108 
901,24,771,77,69,172 
901,5,1165,11,32,80 
902,25,1157,51,44,112 
902,24,764,72,69,172 
902,5,1165,11,32,80 
903,25,1154,52,44,112 
903,24,758,70,69,172 
903,5,1161,11,32,80 
904,25,1155,49,44,112 
904,24,736,73,69,172 
904,5,1165,11,32,80 
905,25,1155,53,44,112 
905,24,720,75,69,172 
905,5,1165,11,32,80 
906,25,1155,53,44,112 
906,24,712,75,69,172 
906,5,1165,11,32,80 
907,25,1155,53,44,112 
907,24,700,75,69,172 
907,5,1165,11,32,80 
908,25,1153,51,50,125 
908,24,688,75,69,172 
908,5,1165,11,32,80 
909,25,1153,51,50,125 
909,24,680,75,69,172 
909,5,1165,11,32,80 
910,25,1153,51,50,125 
910,24,668,75,69,172 
910,5,1165,11,32,80 
911,25,1153,51,50,125 
911,24,660,75,69,172 
911,5,1165,11,32,80 
912,25,1161,51,50,125 
912,24,644,75,69,172 
912,5,1153,7,32,80 
913,25,1161,51,50,125 
913,24,636,75,69,172 
913,5,1153,7,32,80 
914,25,1161,51,50,125 
914,24,620,75,69,172 
914,5,1153,7,32,80 
915,25,1165,55,50,125 
915,24,620,75,69,172 
915,5,1153,7,32,80 
916,25,1165,55,50,125 
916,24,600,75,69,172 
916,5,1153,7,32,80 
917,25,1165,55,50,125 
917,24,592,75,69,172 
917,5,1157,7,32,80 
918,25,1165,55,50,125 
918,24,584,75,69,172 
918,5,1157,7,32,80 
919,25,1173,59,50,125 
919,24,568,75,69,172 
919,5,1157,7,32,80 
920,25,1173,59,50,125 
920,24,552,75,69,172 
920,5,1157,7,32,80 
921,25,1173,59,50,125 
921,24,544,71,69,172 
921,5,1157,7,32,80 
922,25,1173,59,50,125 
922,24,532,71,69,172 
922,5,1157,7,32,80 
923,25,1173,59,50,125 
923,24,524,71,69,172 
923,5,1157,7,32,80 
924,25,1181,59,50,125 
924,24,516,71,69,172 
924,5,1157,7,32,80 
925,25,1181,59,50,125 
925,24,504,71,69,172 
925,5,1157,7,32,80 
926,25,1173,63,50,125 
926,24,488,71,69,172 
926,5,1157,7,32,80 
927,25,1181,63,50,125 
927,24,476,71,69,172 
927,5,1157,7,32,80 
928,25,1181,63,50,125 
928,24,476,71,69,172 
928,5,1157,7,32,80 
929,25,1185,67,50,125 
929,24,444,71,69,172 
929,5,1157,7,32,80 
930,25,1185,67,50,125 
930,24,444,71,69,172 
930,5,1157,7,32,80 
931,25,1185,67,50,125 
931,24,432,71,69,172 
931,5,1157,7,32,80 
932,25,1189,67,50,125 
932,24,424,71,69,172 
932,5,1157,7,32,80 
933,25,1189,67,50,125 
933,24,412,71,69,172 
933,5,1157,7,32,80 
934,25,1187,61,56,140 
934,24,396,71,69,172 
934,5,1157,7,32,80 
935,25,1191,61,56,140 
935,24,384,67,69,172 
935,5,1157,7,32,80 
936,25,1191,61,56,140 
936,24,376,67,69,172 
936,5,1157,7,32,80 
937,25,1191,69,56,140 
937,24,368,71,69,172 
937,5,1157,7,32,80 
938,25,1195,69,56,140 
938,24,352,71,69,172 
938,5,1157,7,32,80 
939,25,1195,69,56,140 
939,24,340,71,69,172 
939,5,1157,7,32,80 
940,25,1195,69,56,140 
940,24,340,71,69,172 
940,5,1157,7,32,80 
941,25,1203,69,56,140 
941,24,324,71,69,172 
941,5,1157,7,32,80 
942,25,1199,76,58,146 
942,26,1135,13,37,93 
942,5,1156,7,32,80 
942,24,308,73,66,167 
943,25,1199,76,58,146 
943,26,1135,13,37,93 
943,5,1156,7,32,80 
943,24,300,73,66,167 
944,25,1199,76,58,146 
944,26,1135,13,37,93 
944,5,1156,7,32,80 
944,24,296,73,66,167 
945,25,1207,76,58,146 
945,26,1129,7,43,108 
945,5,1156,7,32,80 
945,24,288,73,66,167 
946,25,1207,76,58,146 
946,26,1129,7,43,108 
946,5,1156,7,32,80 
946,24,272,73,66,167 
947,25,1207,76,58,146 
947,26,1129,7,43,108 
947,5,1156,7,32,80 
947,24,272,73,66,167 
948,25,1207,76,58,146 
948,26,1129,7,43,108 
948,5,1156,7,32,80 
948,24,256,73,66,167 
949,25,1207,76,58,146 
949,26,1129,7,43,108 
949,5,1156,7,32,80 
949,24,248,73,66,167 
950,25,1207,76,58,146 
950,26,1129,7,43,108 
950,5,1156,7,32,80 
950,24,228,73,66,167 
951,25,1207,76,58,146 
951,26,1129,11,43,108 
951,5,1156,7,32,80 
951,24,228,73,66,167 
952,25,1207,76,58,146 
952,26,1129,11,43,108 
952,5,1156,7,32,80 
952,24,220,73,66,167 
953,25,1207,76,58,146 
953,26,1129,11,43,108 
953,5,1156,7,32,80 
953,24,208,73,66,167 
954,25,1207,76,58,146 
954,26,1129,11,43,108 
954,5,1156,7,32,80 
954,24,208,73,66,167 
955,25,1219,88,58,146 
955,26,1129,11,43,108 
955,5,1156,7,32,80 
955,24,188,73,66,167 
956,25,1219,88,58,146 
956,26,1129,11,43,108 
956,5,1156,7,32,80 
956,24,180,73,66,167 
957,25,1227,88,58,146 
957,26,1137,11,43,108 
957,5,1156,7,32,80 
957,24,180,73,66,167 
958,25,1227,88,58,146 
958,26,1137,11,43,108 
958,5,1156,7,32,80 
958,24,180,73,66,167 
959,25,1231,88,58,146 
959,26,1137,11,43,108 
959,5,1156,7,32,80 
959,24,168,73,66,167 
960,25,1235,88,58,146 
960,26,1141,15,43,108 
960,5,1156,7,32,80 
960,24,168,73,66,167 
961,25,1239,88,58,146 
961,26,1141,15,43,108 
961,5,1156,7,32,80 
961,24,152,73,66,167 
962,25,1239,88,58,146 
962,26,1141,15,43,108 
962,5,1156,7,32,80 
962,24,132,73,66,167 
963,25,1247,88,58,146 
963,26,1141,15,43,108 
963,5,1156,7,32,80 
963,24,132,73,66,167 
964,26,1144,18,43,108 
964,25,1246,73,70,175 
964,24,112,78,65,163 
964,27,7,43,66,165 
964,5,1165,11,32,80 
965,26,1144,17,43,108 
965,24,100,78,65,163 
965,27,23,55,54,135 
965,5,1157,11,32,80 
965,25,1262,96,54,135 
966,26,1144,17,43,108 
966,24,100,78,65,163 
966,27,31,59,54,135 
966,5,1157,11,32,80 
966,25,1262,96,54,135 
967,26,1144,17,43,108 
967,24,88,78,65,163 
967,27,31,59,54,135 
967,5,1157,11,32,80 
968,26,1144,17,43,108 
968,24,80,78,65,163 
968,27,39,59,54,135 
968,5,1157,11,32,80 
969,26,1144,17,43,108 
969,24,74,84,59,148 
969,27,47,59,54,135 
969,5,1157,11,32,80 
970,26,1148,17,43,108 
970,24,62,84,59,148 
970,27,51,59,54,135 
970,5,1157,11,32,80 
971,26,1148,17,43,108 
971,24,62,84,59,148 
971,27,51,59,54,135 
971,5,1157,11,32,80 
972,26,1152,21,43,108 
972,24,38,88,59,148 
972,27,63,55,54,135 
972,5,1157,11,32,80 
973,26,1152,21,43,108 
973,24,38,88,59,148 
973,27,63,55,54,135 
973,5,1157,11,32,80 
974,26,1152,21,43,108 
974,24,30,92,59,148 
974,27,71,55,54,135 
974,5,1157,11,32,80 
975,26,1152,21,43,108 
975,24,30,92,59,148 
975,27,71,55,54,135 
975,5,1157,11,32,80 
976,26,1152,21,43,108 
976,24,22,92,59,148 
976,27,79,55,54,135 
976,5,1157,11,32,80 
977,26,1152,21,43,108 
977,24,14,92,59,148 
977,27,83,47,54,135 
977,5,1157,11,32,80 
978,26,1152,21,43,108 
978,24,6,92,59,148 
978,27,83,47,54,135 
978,5,1157,11,32,80 
979,26,1160,25,43,108 
979,24,6,92,59,148 
979,27,83,47,54,135 
979,5,1157,11,32,80 
980,26,1160,25,43,108 
980,24,2,92,59,148 
980,27,91,47,54,135 
980,5,1157,11,32,80 
981,26,1158,20,47,118 
981,27,96,36,58,145 
981,5,1165,11,32,80 
982,26,1158,18,47,118 
982,27,97,29,58,145 
982,5,1165,11,32,80 
983,26,1160,19,47,118 
983,27,101,33,58,145 
983,5,1165,11,32,80 
984,26,1159,22,47,118 
984,27,102,33,58,145 
984,5,1165,11,32,80 
985,26,1160,21,47,118 
985,27,108,32,57,143 
985,5,1165,11,32,80 
986,26,1161,22,47,118 
986,27,112,30,57,143 
986,5,1165,11,32,80 
987,26,1160,22,47,118 
987,27,114,31,57,143 
987,5,1165,11,32,80 
988,26,1160,21,47,118 
988,27,117,30,57,143 
988,5,1165,11,32,80 
989,26,1161,22,47,118 
989,27,120,31,57,143 
989,5,1165,11,32,80 
990,26,1161,22,47,118 
990,27,120,25,57,143 
990,5,1165,11,32,80 
991,26,1161,23,47,118 
991,27,123,28,56,140 
991,5,1165,11,32,80 
992,26,1163,24,47,118 
992,27,126,27,56,140 
992,5,1165,11,32,80 
993,26,1162,25,47,118 
993,27,132,26,56,140 
993,5,1165,11,32,80 
994,26,1161,25,47,118 
994,27,135,25,56,140 
994,5,1165,11,32,80 
995,26,1160,27,47,118 
995,27,137,25,56,140 
995,5,1165,11,32,80 
996,26,1160,27,47,118 
996,27,139,24,56,140 
996,5,1165,11,32,80 
997,26,1159,26,48,119 
997,27,144,27,56,140 
997,5,1165,11,32,80 
998,26,1157,25,48,120 
998,27,146,26,56,140 
998,5,1165,11,32,80 
999,26,1156,26,48,120 
999,27,148,24,56,140 
999,5,1165,11,32,80 